"Country Name","Country Code","1960","1961","1962","1963","1964","1965","1966","1967","1968","1969","1970","1971","1972","1973","1974","1975","1976","1977","1978","1979","1980","1981","1982","1983","1984","1985","1986","1987","1988","1989","1990","1991","1992","1993","1994","1995","1996","1997","1998","1999","2000","2001","2002","2003","2004","2005","2006","2007","2008","2009","2010","2011"
"Le monde arabe","ARB","","","","","","","","","","","","","","","","","","","","","","","","","","","","","","","","","","","","","","","","","","","","","","","","","4.524877265829962","","",""
"Petits états des Caraïbes","CSS","","","","","","","","","","","","","","","","","","","","","","","","","","","","","","","","","","","","21.536887355553837","24.548808331648868","26.19501243285438","24.33148038838394","21.79159553821288","20.95220546349963","26.317740319743493","25.86101523123846","26.048147521981477","33.382257868322874","38.11574403220812","33.692896295688904","36.197763146367016","39.642587117090926","38.835286654337864","37.92556565560416",""
"Asie de l’Est et Pacifique (tous niveaux de revenu)","EAS","","","","","","","","","","","","","","","","","","","","","","","","","","","","","","","","","","","","","","","","","","","2.4465319669173513","2.420589717900303","2.2839328529784475","2.0682241329355358","1.8780703206779021","1.7199969680793774","2.707544341555163","","",""
"Asie de l’Est et Pacifique","EAP","","","","","","","","","","","","","","","","","","","","","","","","","","","","","","","","","","","","","","","","","","","2.5936394622826597","2.5714722796973484","2.4247078190064437","2.182480727309197","1.9625445286567211","1.78939210659704","2.883371425064337","","",""
"Zone euro","EMU","","","","","","","","","","","","","","","","","","","","","","","","","","","","","","","","","","","","1.5061150557793885","1.4278618132780463","1.3384870002523572","1.2055757855594733","1.1841442692404098","1.2483945865432104","1.212729410668226","1.1972672480737234","1.1530456019647692","1.17906009889994","1.0540449632751627","1.004480192292722","0.9830210180362569","1.1010281292464406","1.0421738471822475","",""
"Europe et Asie centrale (tous niveaux de revenu)","ECS","","","","","","","","","","","","","","","","","","","","","","","","","","","","","","","","","","","","8.67767344145188","7.764655484758379","7.354803861213664","7.154392177994771","7.604215350809206","7.9318961667556405","7.985036629956216","8.08396602700731","7.685566880999053","7.193847894245567","6.5710578925759","5.573280310597697","5.025781752521198","4.615020743438352","3.746586414224807","",""
"Europe et Asie centrale","ECA","","","","","","","","","","","","","","","","","","","","","","","","","","","","","","","","","","","","18.692816885543717","16.841182721407456","15.97411468799567","14.917314180883297","16.039432767605355","16.897216681654882","17.550418272075966","17.863454185204958","17.07243488398119","15.946400154217573","14.68023194291823","12.305603968202131","11.067211706105935","8.867342805511544","","",""
"Union européenne","EUU","","","","","","","","","","","","","","","","","","","","","","","","","","","","","","","","","","","","1.9780501571938975","1.84016715618403","1.757479614271369","1.8676469516674683","1.8273514417908978","1.9413965232134953","1.6253980481424737","1.5936902663275578","1.5406073363801254","1.477425043339026","1.310128395528532","1.230821236882306","1.2164012675050828","1.2556248245880721","1.21049988828456","",""
"Pays pauvres très endettés (PPTE)","HPC","","","","","","","","","","","","","","","","","","","","","","","","","","","","","","","","","","","","","","","","","","","","","","","","","21.538706968595378","","",""
"Revenu élevé","HIC","","","","","","","","","","","","","","","","","","","","","","","","","","","","","","","","","","","","3.6221981021882335","3.334760777556213","3.1131874058658977","3.012667672845951","2.7771945263326505","2.770056231894657","2.6781569398491047","2.6941078862787067","2.6558533739509977","2.5978838304679996","2.5734705415037786","2.5518236409478248","2.522110442992089","2.5257716228763196","2.8449965950264064","",""
"Revenu élevé : non OCDE","NOC","","","","","","","","","","","","","","","","","","","","","","","","","","","","","","","","","","","","","","","","4.275260118745745","4.2057671620812735","4.27010210207641","4.447408114258791","4.2050898051191465","4.102410928503522","4.132999882891414","3.7841441352149987","3.920578783715433","","","",""
"Revenu élevé : OCDE","OEC","","","","","","","","","","","","","","","","","","","","","","","","","","","","","","","","","","","","3.4226636130231545","3.134919202980804","2.931885378871451","2.874545292583661","2.6842875975256555","2.6858133536590008","2.584724336327985","2.590121633230261","2.562066048871043","2.5055261176469643","2.4767536372842995","2.468323299606745","2.432882955520059","2.3845302688433576","2.6872242393823695","",""
"Amérique latine et Caraïbes (tous niveaux de revenu)","LCN","","","","","","","","","","","","","","","","","","","","","","","","","","","","","","","","","","","","24.553654206418496","24.800302548818856","24.553427547031582","23.937403240177108","23.929759594048047","24.06903502983901","24.91010979168735","25.634295603117856","24.977761275144587","23.35201457204406","22.217591950593437","23.381708092811312","22.15914163549227","25.385577972203823","22.74137722689307","",""
"Amérique latine et Caraïbes","LAC","","","","","","","","","","","","","","","","","","","","","","","","","","","","","","","","","","","","24.62118317578692","24.863500169575676","24.64777605198932","24.048466100441328","24.048976033355157","24.15778792150361","24.9912782486383","25.71970646659919","25.041391516731668","23.38687070070877","22.221334260853304","23.396894841359586","22.161544883951986","25.384181241701462","22.69970657486504","",""
"Pays les moins avancés : classement de l’ONU","LDC","","","","","","","","","","","","","","","","","","","","","","","","","","","","","","","","","","","","","","","","","","","","","","","","","18.188464546192094","","",""
"Revenu faible et intermédiaire","LMY","","","","","","","","","","","","","","","","","","","","","","","","","","","","","","","","","","","","","","","","","","","7.957620280340921","7.497534853721663","7.141373541878343","6.7439967125007545","6.610419719976929","6.321490838230515","8.450603858821308","","",""
"Faible revenu","LIC","","","","","","","","","","","","","","","","","","","","","","","","","","","","","","","","","","","","","","","","","","","","","","","","","17.461077979140054","","",""
"Revenu intermédiaire, tranche inférieure","LMC","","","","","","","","","","","","","","","","","","","","","","","","","","","","","","","","","","","","","5.362754993712205","5.404047928582739","5.4650878550521655","5.072048946098627","4.990251567802109","4.9803237640340035","4.87252876009488","4.416490735286591","4.483215687736107","4.388401454605632","4.396831961624062","4.369866812365143","6.584852638900423","4.7816120363582035","",""
"Afrique du Nord et Moyen-Orient (tous niveaux de revenu)","MEA","","","","","","","","","","","","","","","","","","","","","","","","","","","","","","","","","","","","","","","","","","","","","","","","","","","",""
"Moyen-Orient et Afrique du Nord","MNA","","","","","","","","","","","","","","","","","","","","","","","","","","","","","","","","","","","","","","","","","","","","","","","","","","2.2111169427982476","",""
"Revenu intermédiaire","MIC","","","","","","","","","","","","","","","","","","","","","","","","","","","","","","","","","","","","","","","","","","","8.089904222548993","7.618424801940042","7.250292044894947","6.844912419007039","6.699534848475991","6.391018719196919","7.327569776366389","","",""
"Amérique du Nord","NAC","","","","","","","","","","","","","","","","","","","","","","","","","","","","","","","","","","","","7.506404162392119","6.781766770238175","6.211122144979157","5.725802791058385","5.183310620723265","5.14910107234902","5.239161244638898","5.255630508042857","5.286063393501718","5.142439436812104","5.2861997801188485","5.3080422780236844","5.225860028236391","4.9899795260500035","4.683876691888437","4.562420935861784",""
"Non classifié","INX","","","","","","","","","","","","","","","","","","","","","","","","","","","","","","","","","","","","","","","","","","","","","","","","","","","",""
"Pays membres de l'OCDE","OED","","","","","","","","","","","","","","","","","","","","","","","","","","","","","","","","","","","","4.805711602350113","4.416320003733643","4.128383279115552","4.114956896948924","3.815602441767139","3.6028280750976287","3.4677013686130347","3.439175005539221","3.417371938849207","3.307168256276857","3.2838422295141667","3.3446798565025104","3.0071186636882334","3.382631402645022","4.4597240375542455","",""
"Autres petits états","OSS","","","","","","","","","","","","","","","","","","","","","","","","","","","","","","","","","","","","","","","","","","","","","","","","","","","",""
"Petits états insulaires du Pacifique","PSS","","","","","","","","","","","","","","","","","","","","","","","","","","","","","","","","","","","","","","","","","","","","","","","","","4.569358884098455","","",""
"Petits états","SST","","","","","","","","","","","","","","","","","","","","","","","","","","","","","","","","","","","","","","","","","","","","","","","","","","","",""
"Asie du Sud","SAS","","","","","","","","","","","","","","","","","","","","","","","","","","","","","","","","","","","","4.366262779583393","4.692934793853758","4.615786471457799","4.786210522494389","4.480893868430101","4.410114880194422","4.294735444461346","4.140223300448194","3.81336492088238","3.9276946117731146","3.773547745239304","3.770358567543435","3.7912812982245754","3.8505594673544397","3.8704153383965423","",""
"Afrique subsaharienne (tous niveaux de revenu)","SSF","","","","","","","","","","","","","","","","","","","","","","","","","","","","","","","","","","","","","","","","","","","","","","","","","21.056756582505646","","",""
"Afrique subsaharienne","SSA","","","","","","","","","","","","","","","","","","","","","","","","","","","","","","","","","","","","","","","","","","","","","","","","","21.0570622640492","","",""
"Revenu intermédiaire, tranche supérieure","UMC","","","","","","","","","","","","","","","","","","","","","","","","","","","","","","","","","","","","","","","","","","","10.579719723510275","10.227764534202064","9.526329664593675","8.898547786111159","8.609709788938002","8.112905013776336","8.09468060286685","","",""
"Monde","WLD","","","","","","","","","","","","","","","","","","","","","","","","","","","","","","","","","","","","","","","","","","","6.8230450870085395","6.471906626063847","6.182637256119444","5.868386303534701","5.760209372212501","5.52812757066037","7.44162425096545","","",""
"Afghanistan","AFG","","","","","","","","","","","","","","","","","","","","","","","","","","","","","","","","","","","","","","","","","","","","","","","","","2.4","","",""
"Albanie","ALB","","","","","","","","","","","","","","","","","","","","","","","","","","","","","","","","","","","","6.6855517585866355","7.967623177687313","49.87221457859919","18.609714660785176","16.142023773686223","8.95224255303634","6.759000681749202","5.793296476316422","4.63514190776647","3.8081693873743507","4.169584314724043","2.756123901391589","3.31265291442471","2.9","","",""
"Algérie","DZA","","","","","","","","","","","","","","","","","","","","","","","","","","","","","","","","","","","","","","","","","","","","","","","","","1.5","","",""
"Samoa américaines","ASM","","","","","","","","","","","","","","","","","","","","","","","","","","","","","","","","","","","","","","","","","","","","","","","","","","","",""
"Andorre","AND","","","","","","","","","","","","","","","","","","","","","","","","","","","","","","","","","","","","","","","","","","","","","1.3","","","","","","",""
"Angola","AGO","","","","","","","","","","","","","","","","","","","","","","","","","","","","","","","","","","","","","","","","","","","","","","","","","19.0","","",""
"Antigua-et-Barbuda","ATG","","","","","","","","","","","","","","","","","","","","","","","","","","","","","","","","","","","","","","","","","","","","","","","","","","","6.8",""
"Argentine","ARG","","","","","","","","","","","","","","","","","","","","","","","","","","","","","","","","","","","","7.812329652194968","8.504521183129944","9.141835337261908","7.21468335012147","7.301381687965054","7.18372344273163","8.171118228252789","9.169527109455952","7.568171900446121","5.891899220198401","5.467776133164935","5.258322794906192","5.26060894126727","5.8039550390642685","5.5","",""
"Arménie","ARM","","","","","","","","","","","","","","","","","","","","","","","","","","","","","","","","","","","","3.59893806506818","3.5937374396512185","3.189959538553213","2.9912183618351413","2.9120332981300865","2.958293266339369","2.870367048186287","2.2541159667527695","2.1564723249450917","2.4488900324298344","1.7938951465025241","2.443120888227545","2.309558220547196","2.533218450794018","2.7","",""
"Aruba","ABW","","","","","","","","","","","","","","","","","","","","","","","","","","","","","","","","","","","","","","","","","","","","","","","","","","","",""
"Australie","AUS","","","","","","","","","","","","","","","","","","","","","","","","","","","","","","","","","","","","1.7992742853459154","1.7030905142934876","1.7327792110542897","1.521226879619926","1.8102275640765144","1.5758425631006237","1.5994066304588523","1.6221137151704004","1.522168212692262","1.3131831350277574","1.2693888113423566","1.3545892979250442","1.2073870496517327","1.222470192063082","1.2","",""
"Autriche","AUT","","","","","","","","","","","","","","","","","","","","","","","","","","","","","","","","","","","","1.033315086501074","1.2436460990213636","0.8279440656042806","0.9653820273699596","0.7514376881568661","1.0243966303847032","0.8708113971795663","0.8041510027329999","0.6146859538727367","0.7207820901043582","0.6559610582644048","0.7373197917905605","0.5415303865335593","0.5394515288415961","0.5","",""
"Azerbaïdjan","AZE","","","","","","","","","","","","","","","","","","","","","","","","","","","","","","","","","","","","","","","","","","","","","","","","","2.1","","",""
"Bahamas","BHS","","","","","","","","","","","","","","","","","","","","","","","","","","","","","","","","","","","","15.0","14.4","16.2","16.6","18.1","20.8","16.2","16.3","15.8","13.7","16.9","19.13190522918171","23.718227457801323","21.578788051345526","25.121321204168368","28.0",""
"Bahreïn","BHR","","","","","","","","","","","","","","","","","","","","","","","","","","","","","","","","","","","","","","","","","","","","","","","","","0.6","","",""
"Bangladesh","BGD","","","","","","","","","","","","","","","","","","","","","","","","","","","","","","","","","","","","","","","","","","","","","","","","","","","2.7",""
"Barbade","BRB","","","","","","","","","","","","","","","","","","","","","","","","","","","","","","","","","","","","6.1","","","7.520465065559654","8.622046948919996","7.47632807622864","9.3216799904546","9.300145454274904","12.249943390413119","8.149747913479311","9.242041677911152","12.912175074337236","9.204102820873434","8.450290249099861","6.966086159486709","11.3",""
"Bélarus","BLR","","","","","","","","","","","","","","","","","","","","","","","","","","","","","","","","","","","","9.343764998081122","9.468630232809213","10.005505477940751","10.199451454598314","9.636391446446101","10.071775068329984","9.680503426138959","9.926347305930125","8.862739159100485","8.255580620556294","8.396859391383417","7.507551277137778","6.6713074570209505","5.588444625331459","4.9","",""
"Belgique","BEL","","","","","","","","","","","","","","","","","","","","","","","","","","","","","","","","","","","","1.4087479078357437","1.1883315349916106","1.4337425069650223","","","2.1128800776439207","2.761656147564102","3.1012212277617817","2.212924488416505","2.55865771078536","2.1221006799460236","2.1193331585042587","2.0116222423932686","1.8675427391400268","1.7","",""
"Belize","BLZ","","","","","","","","","","","","","","","","","","","","","","","","","","","","","","","","","","","","","","","","","18.761576291754487","24.943292982360415","33.121785378444955","24.929304956094658","28.74242782558076","28.831060662687268","32.05184036789938","33.09179732809323","34.420877097417765","31.761832101061565","41.7",""
"Bénin","BEN","","","","","","","","","","","","","","","","","","","","","","","","","","","","","","","","","","","","","","","","","","","","","","","","","15.1","","",""
"Bermudes","BMU","","","","","","","","","","","","","","","","","","","","","","","","","","","","","","","","","","","","","","","6.423123243677238","0.0","1.5914950504503929","3.168969451134491","4.7327569887044865","3.1419370041630668","3.1296455676394648","4.677997816934353","4.663599054843925","4.651018573067502","7.733114743956571","9.258973488472577","7.7",""
"Bhoutan","BTN","","","","","","","","","","","","","","","","","","","","","","","","","","","","","","","","","","","","","","","","","3.150918492740634","3.231017770597738","3.1351893654376726","0.8007289836667302","2.3349937733499377","1.6684539347452498","1.3339637547226022","1.1618095765058867","1.0","","",""
"Bolivie","BOL","","","","","","","","","","","","","","","","","","","","","","","","","","","","","","","","","","","","","","","","","","","","","","6.516043296702454","5.694846486279718","7.63988195906862","7.527187807286525","6.886008725074413","8.9",""
"Bosnie-Herzégovine","BIH","","","","","","","","","","","","","","","","","","","","","","","","","","","","","","","","","","","","","","","","","","","","","","","","","1.7","","",""
"Botswana","BWA","","","","","","","","","","","","","","","","","","","","","","","","","","","","","","","","","","","","","","","","","","","","","","","","","","14.5","",""
"Brésil","BRA","","","","","","","","","","","","","","","","","","","","","","","","","","","","","","","","","","","","25.7","27.0","28.7","29.5","30.4","29.7","31.4","32.3","33.1","31.1","29.2","31.2","29.3","29.9","22.7","",""
"Brunéi Darussalam","BRN","","","","","","","","","","","","","","","","","","","","","","","","","","","","","","","","","","","","","","","","","","","","","","","0.5","","","","",""
"Bulgarie","BGR","","","","","","","","","","","","","","","","","","","","","","","","","","","","","","","","","","","","5.9114781280095885","5.294323916648969","4.8548379069647165","4.686183164081354","4.053530904330349","4.146807994546197","3.87530525892764","3.230847472831107","3.1504631882406855","3.0811972505449865","2.532589320613533","2.3798624621562854","2.2119599496510793","2.265745017797954","1.9","",""
"Burkina Faso","BFA","","","","","","","","","","","","","","","","","","","","","","","","","","","","","","","","","","","","","","","","","","","","","","","","","18.0","","",""
"Burundi","BDI","","","","","","","","","","","","","","","","","","","","","","","","","","","","","","","","","","","","","","","","","","","","","","","","","21.7","","",""
"Cambodge","KHM","","","","","","","","","","","","","","","","","","","","","","","","","","","","","","","","","","","","3.5544070035963973","4.729965237373567","6.759759263917624","6.615981407840797","4.7527840598330515","4.587469587928736","3.2164545914059497","3.308623237496401","3.908118221113651","3.872984011397336","3.4","","","","","",""
"Cameroun","CMR","","","","","","","","","","","","","","","","","","","","","","","","","","","","","","","","","","","","","","","","","","","","","","","","","19.7","","",""
"Canada","CAN","","","","","","","","","","","","","","","","","","","","","","","","","","","","","","","","","","","","2.0066826627941783","2.146559511317304","1.963133163208526","1.8529604796072734","1.7706790880133814","1.7803942399355146","1.7857583414935707","1.8605110900686526","1.7368711680082125","1.953442637423046","2.05368620721731","1.85730173043515","1.8012371770258928","1.833295857285449","1.8","",""
"Cap-Vert","CPV","","","","","","","","","","","","","","","","","","","","","","","","","","","","","","","","","","","","","","","","","","","","","","","","11.6","","","",""
"Îles Caïmans","CYM","","","","","","","","","","","","","","","","","","","","","","","","","","","","","","","","","","","","","","","","","","","","","11.7","","","","","","",""
"République centrafricaine","CAF","","","","","","","","","","","","","","","","","","","","","","","","","","","","","","","","","","","","","","","","","","","","","","","","","29.3","","",""
"Tchad","TCD","","","","","","","","","","","","","","","","","","","","","","","","","","","","","","","","","","","","","","","","","","","","","","","","","15.8","","",""
"Îles Anglo-Normandes","CHI","","","","","","","","","","","","","","","","","","","","","","","","","","","","","","","","","","","","","","","","","","","","","","","","","","","",""
"Chili","CHL","","","","","","","","","","","","","","","","","","","","","","","","","","","","","","","","","","","","3.2","3.0","2.5","2.8","3.0","5.1","5.4","5.3","5.2","5.3","5.8","5.6","4.5","","3.7","",""
"Chine","CHN","","","","","","","","","","","","","","","","","","","","","","","","","","","","","","","","","","","","","","","","","","","2.043340040114616","1.8859643655765943","1.9000391721321028","1.5884141497128548","1.3672032764692954","1.2197669580704484","1.1","","",""
"Colombie","COL","","","","","","","","","","","","","","","","","","","","","","","","","","","","","","","","","","","","69.67263381127495","71.78689966413313","67.1845498883999","60.0846549498988","62.29244854562682","66.74350972179323","68.87236859126097","70.20036157434212","56.366932990420715","47.68116199156924","42.07891542670056","40.000878788114576","38.775868513054576","35.8620587905794","34.645342699542674","33.4",""
"Comores","COM","","","","","","","","","","","","","","","","","","","","","","","","","","","","","","","","","","","","","","","","","","","","","","","","","12.2","","",""
"Congo, République démocratique du","COD","","","","","","","","","","","","","","","","","","","","","","","","","","","","","","","","","","","","","","","","","","","","","","","","","21.7","","",""
"Congo, République du","COG","","","","","","","","","","","","","","","","","","","","","","","","","","","","","","","","","","","","","","","","","","","","","","","","","30.8","","",""
"Costa Rica","CRI","","","","","","","","","","","","","","","","","","","","","","","","","","","","","","","","","","","","5.304247606890679","5.313324496534391","5.756163960767083","5.988379336027748","6.394355845641816","6.353369837568063","6.4202714700623","6.318578310083986","7.210779249684769","6.610625872809198","7.773680545355018","8.010370120178374","8.287277927902029","11.322113237054094","11.435940219439356","11.3",""
"Côte d'Ivoire","CIV","","","","","","","","","","","","","","","","","","","","","","","","","","","","","","","","","","","","","","","","","","","","","","","","","56.9","","",""
"Croatie","HRV","","","","","","","","","","","","","","","","","","","","","","","","","","","","","","","","","","","","3.5553644130725175","2.619877656008346","2.5511362285126222","2.858550623185857","2.6651735820946145","2.463637487507027","1.8520088717918968","1.791306921856251","1.5482700102118503","1.865368909289582","1.5308467879007273","1.6690006362501075","1.4008149579924967","1.6069212588213755","1.1","",""
"Cuba","CUB","","","","","","","","","","","","","","","","","","","","","","","","","","","","","","","","","","","","7.8","6.7","6.8","7.9","5.9","5.8","5.9","7.0","6.397036075789288","6.5027711912745865","6.2001974057087565","5.499451527914582","5.497821488235287","4.6","","",""
"Curacao","CUW","","","","","","","","","","","","","","","","","","","","","","","","","","","","","","","","","","","","","","","","","","","","","","","","","","","",""
"Chypre","CYP","","","","","","","","","","","","","","","","","","","","","","","","","","","","","","","","","","","","","","","","","","","","","","","","","","1.7","",""
"République tchèque","CZE","","","","","","","","","","","","","","","","","","","","","","","","","","","","","","","","","","","","1.79","1.55","1.54","1.64","1.47","1.56","1.23","1.27","1.26","1.15","0.88","0.99","1.06","0.76","0.9","",""
"Danemark","DNK","","","","","","","","","","","","","","","","","","","","","","","","","","","","","","","","","","","","1.1464900970007055","1.3129819856968692","1.6674334334046033","0.924589534137072","0.9773539570054476","1.0862438269044241","0.9708638167457204","1.0427320921469798","1.2071716395638061","0.7962550089995335","0.9779601007040574","0.5328292646000731","0.713093307345044","0.9822982577667049","0.9","",""
"Djibouti","DJI","","","","","","","","","","","","","","","","","","","","","","","","","","","","","","","","","","","","","","","","","","","","","","","","","3.4","","",""
"Dominique","DMA","","","","","","","","","","","","","","","","","","","","","","","","","","","","","","","","","","","","","","","","","2.870593638764497","1.4399470099500338","12.986825586932369","11.560693641618498","11.579602530143154","11.606819006166123","7.278020378457059","10.22883362071485","10.270103728047653","19.139601307381998","22.1",""
"République dominicaine","DOM","","","","","","","","","","","","","","","","","","","","","","","","","","","","","","","","","","","","12.720574702174966","12.812287082632299","12.673033299066494","13.465983076826976","12.603207977523253","14.082921873419671","12.548336881246666","14.434427746604129","21.144145039496863","24.523642752190177","25.841224135703346","22.81267273763245","22.146560925493347","24.769921162534967","24.242481156191804","24.9",""
"Équateur","ECU","","","","","","","","","","","","","","","","","","","","","","","","","","","","","","","","","","","","13.4","16.1","12.5","15.3","17.7","16.9","15.9","16.3","13.8","17.9","18.4","21.2","20.7","21.7","","18.2",""
"Égypte, République arabe d’","EGY","","","","","","","","","","","","","","","","","","","","","","","","","","","","","","","","","","","","","","","","","","","","0.6587556960863743","0.44203446885948156","0.7034735624325712","0.38640462839698464","0.8733900056006135","1.0124701337270043","1.2","",""
"El Salvador","SLV","","","","","","","","","","","","","","","","","","","","","","","","","","","","","","","","","","","","139.13207884813917","117.27728151537717","112.56865994657055","94.99673108490725","65.04718077567368","59.778075368183956","60.17404882679881","47.342847213860914","55.853992736650916","64.63981507406459","62.44098640892103","64.66389672082597","57.3197125392649","51.86285366746562","70.88798934748475","66.0",""
"Guinée équatoriale","GNQ","","","","","","","","","","","","","","","","","","","","","","","","","","","","","","","","","","","","","","","","","","","","","","","","","20.7","","",""
"Érythrée","ERI","","","","","","","","","","","","","","","","","","","","","","","","","","","","","","","","","","","","","","","","","","","","","","","","","17.8","","",""
"Estonie","EST","","","","","","","","","","","","","","","","","","","","","","","","","","","","","","","","","","","","17.07491445190219","15.073320434139802","12.68539924799813","14.09652089233854","11.377124877351696","10.432252731900588","10.052662744905245","10.467005345543857","10.873142967036625","6.748494010526167","8.396137182479269","6.770641901493857","6.9254501356420155","6.258638224632956","5.2","",""
"Éthiopie","ETH","","","","","","","","","","","","","","","","","","","","","","","","","","","","","","","","","","","","","","","","","","","","","","","","","25.5","","",""
"Îles Féroé","FRO","","","","","","","","","","","","","","","","","","","","","","","","","","","","","","","","","","","","","","","","","","","","","","","","","","","",""
"Fidji","FJI","","","","","","","","","","","","","","","","","","","","","","","","","","","","","","","","","","","","","","","","","","","","","2.8","","","","","","",""
"Finlande","FIN","","","","","","","","","","","","","","","","","","","","","","","","","","","","","","","","","","","","2.858372348810702","2.9852627528766327","2.7046711226934166","2.193738565380398","2.7702467747450354","2.8608044659477283","3.0085744371458656","2.5397778271623466","1.976741619719053","2.8319575696216677","2.2309757830438977","2.2787971597072203","2.419462610891249","2.4829139779404383","2.3","",""
"France","FRA","","","","","","","","","","","","","","","","","","","","","","","","","","","","","","","","","","","","1.06","1.05","0.94","0.76","0.73","0.88","0.85","0.8","0.76","0.71","0.71","0.7","0.59","1.4","","",""
"Polynésie française","PYF","","","","","","","","","","","","","","","","","","","","","","","","","","","","","","","","","","","","","","","","","","","","","","","","","3.4","","",""
"Gabon","GAB","","","","","","","","","","","","","","","","","","","","","","","","","","","","","","","","","","","","","","","","","","","","","","","","","13.8","","",""
"Gambie","GMB","","","","","","","","","","","","","","","","","","","","","","","","","","","","","","","","","","","","","","","","","","","","","","","","","10.8","","",""
"Géorgie","GEO","","","","","","","","","","","","","","","","","","","","","","","","","","","","","","","","","","","","7.713143650494775","5.408289826646283","5.787308493393025","4.996202474908989","5.07789575329751","5.036069000466732","5.613264036201498","6.312102332148878","6.608488625521895","6.217354739029301","9.001551483290395","7.270149060563943","7.472900545204706","5.985410164455403","4.687182043291271","4.1",""
"Allemagne","DEU","","","","","","","","","","","","","","","","","","","","","","","","","","","","","","","","","","","","1.674611694226011","1.5194585647238195","1.4308963488201707","1.1839641419398386","1.2205260418662294","1.2325585826290333","1.1227873442226632","1.1585303022880937","1.041412690984813","1.051810857797438","1.0528134476721853","0.9789651170739294","0.9173945360151098","0.87541391649383","0.8567403348070844","0.8",""
"Ghana","GHA","","","","","","","","","","","","","","","","","","","","","","","","","","","","","","","","","","","","","","","","","","","","","","","","","15.7","","",""
"Grèce","GRC","","","","","","","","","","","","","","","","","","","","","","","","","","","","","","","","","","","","1.2","1.46","1.47","1.25","1.08","0.98","0.91","0.65","1.03","0.84","0.96","0.74","1.03","1.0","1.35","",""
"Groenland","GRL","","","","","","","","","","","","","","","","","","","","","","","","","","","","","","","","","","","","25.17215959149181","5.39015757227303","19.733773456280723","10.739792722000466","21.42015636714148","24.91280518186348","30.14451635783314","22.960895828181847","10.555203715431707","21.037499342578148","19.234131841230987","19.20391061452514","6.97885407216135","10.5","","",""
"Grenade","GRD","","","","","","","","","","","","","","","","","","","","","","","","","","","","","","","","","","","","","","","","","14.775122633517856","5.897907225919337","13.731682915824784","8.806693086745927","5.856229564198916","10.70726341814784","11.646301813911506","10.641591208110828","13.497488503032114","6.724497343823549","11.5",""
"Guam","GUM","","","","","","","","","","","","","","","","","","","","","","","","","","","","","","","","","","","","","","","","","","","","","","","","0.6","","","",""
"Guatemala","GTM","","","","","","","","","","","","","","","","","","","","","","","","","","","","","","","","","","","","32.54897947467345","35.31962208492344","38.14334091970483","30.867783862844828","24.192856154835738","25.842964301913813","28.056126498212354","30.770271155493596","35.02065036414203","36.33281536029222","41.97480033661619","45.14801183039015","43.27470899049483","45.9577151039461","46.30308224754221","41.4",""
"Guinée","GIN","","","","","","","","","","","","","","","","","","","","","","","","","","","","","","","","","","","","","","","","","","","","","","","","","22.5","","",""
"Guinée-Bissau","GNB","","","","","","","","","","","","","","","","","","","","","","","","","","","","","","","","","","","","","","","","","","","","","","","","","20.2","","",""
"Guyane","GUY","","","","","","","","","","","","","","","","","","","","","","","","","","","","","","","","","","","","14.972959384817418","12.071496179645811","11.92200541834591","15.469746378299643","12.44025941358531","10.094107087563652","10.743519549805733","19.240905623357918","27.803083982859267","17.613611153315055","19.028858201504885","21.782096185995048","15.3319432371465","21.022435462453664","15.537580360498424","18.4",""
"Haïti","HTI","","","","","","","","","","","","","","","","","","","","","","","","","","","","","","","","","","","","","","","","","","","","","","","","","","","6.9",""
"Honduras","HND","","","","","","","","","","","","","","","","","","","","","","","","","","","","","","","","","","","","","","","","42.08425257513591","51.07627653300797","54.95274190234797","56.024484660422004","33.64936604079955","31.958462007543087","35.1346797896222","43.00512028822835","50.119998843384636","61.250965733145165","70.67187137370414","82.1",""
"Chine, RAS de Hong Kong","HKG","","","","","","","","","","","","","","","","","","","","","","","","","","","","","","","","","","","","","","","","","","","","","","","","","","","0.5",""
"Hongrie","HUN","","","","","","","","","","","","","","","","","","","","","","","","","","","","","","","","","","","","2.8650513391066053","2.627498389808874","2.808185754588663","2.815397045995794","2.471325300451617","2.007728284827108","2.4939460441646424","1.9981744756736042","2.3286762767979083","2.067179782230028","1.6258653767605942","1.7288877468956032","1.5334717042606216","1.4667897838790023","1.4","",""
"Islande","ISL","","","","","","","","","","","","","","","","","","","","","","","","","","","","","","","","","","","","","","","","","","","","","","","","","","0.3","",""
"Inde","IND","","","","","","","","","","","","","","","","","","","","","","","","","","","","","","","","","","","","4.366262779583393","4.395079846120056","4.352470694596635","4.4732735338251475","4.233402404214161","4.212361679476857","4.0184836846146235","3.8681206018866194","3.5197127865174855","3.6183721020672084","3.4653083039387447","3.465658113225561","3.442246729115802","3.437673070554703","3.4","",""
"Indonésie","IDN","","","","","","","","","","","","","","","","","","","","","","","","","","","","","","","","","","","","","","","","","","","","","","","","","8.1","","",""
"Iran, République islamique d’","IRN","","","","","","","","","","","","","","","","","","","","","","","","","","","","","","","","","","","","","","","","","","","","","","","","","","3.0","",""
"Iraq","IRQ","","","","","","","","","","","","","","","","","","","","","","","","","","","","","","","","","","","","","","","","","","","","","","","","","2.0","","",""
"Irlande","IRL","","","","","","","","","","","","","","","","","","","","","","","","","","","","","","","","","","","","1.1908197215254233","1.1543354779237462","1.035461843231077","1.0251742324075381","1.013078037667841","0.9727166134739652","1.3451221215679985","1.32121172392468","1.1220529279846485","0.7342726148622651","1.250588618392984","1.4669598062477345","1.7943456207946482","1.1486684864638608","1.269213570340836","1.2",""
"Île de Man","IMN","","","","","","","","","","","","","","","","","","","","","","","","","","","","","","","","","","","","","","","","","","","","","","","","","","","",""
"Israël","ISR","","","","","","","","","","","","","","","","","","","","","","","","","","","","","","","","","","","","2.100494009934962","2.1324005690775674","2.7704840444094385","2.5498190409037806","2.325042266553028","2.4439093705304096","3.6370676231991417","3.636892056242693","3.243018929470006","2.673368735122626","2.4679873275664193","2.797868231656976","1.9363652574455412","2.2982593575815207","2.148479489389059","2.1",""
"Italie","ITA","","","","","","","","","","","","","","","","","","","","","","","","","","","","","","","","","","","","1.7764346776970856","1.6737403417893693","1.5345861978649389","1.540855845512808","1.415417540174165","1.3090859037436857","1.2395274138271013","1.1200220693044265","1.242561652660226","1.2254611278066363","1.0396922810824785","1.057850008716684","1.060588995325223","1.0268572596111711","1.0","",""
"Jamaïque","JAM","","","","","","","","","","","","","","","","","","","","","","","","","","","","","","","","","","","","31.687789151076","37.22825387012853","41.37325733089877","37.61520396281897","33.18995325650517","34.357898520634876","43.73500808848065","39.79484898521231","36.84432686170605","55.199131523657385","62.42418388956364","49.69710725748368","58.43394085436845","59.4791275316309","61.594258624111696","52.1",""
"Japon","JPN","","","","","","","","","","","","","","","","","","","","","","","","","","","","","","","","","","","","0.6097558467751394","0.5759899696659823","0.6034544885522303","0.6789140323961063","0.6642148859722744","0.6509105012547296","0.616087917336369","0.6220470957949585","0.6018632340263276","0.5569890450956486","0.5041782237464142","0.49117916924686433","0.4372848870058485","0.5","","",""
"Jordanie","JOR","","","","","","","","","","","","","","","","","","","","","","","","","","","","","","","","","","","","","","","","","","","","","","","1.8","","","","",""
"Kazakhstan","KAZ","","","","","","","","","","","","","","","","","","","","","","","","","","","","","","","","","","","","15.36495407812693","16.706397130852903","16.66808096722142","16.58020742488023","15.74022971983452","15.544879102293596","14.498915467698096","13.199863719963181","13.309649154706923","13.89046475063726","12.180488742110777","11.49400290602353","10.836068250559103","10.7","","",""
"Kenya","KEN","","","","","","","","","","","","","","","","","","","","","","","","","","","","","","","","","","","","","","","","","","","","","","","","","20.1","","",""
"Kiribati","KIR","","","","","","","","","","","","","","","","","","","","","","","","","","","","","","","","","","","","","","","","","","","","","","","","","7.3","","",""
"Corée, République démocratique de","PRK","","","","","","","","","","","","","","","","","","","","","","","","","","","","","","","","","","","","","","","","","","","","","","","","","15.2","","",""
"Corée, République de","KOR","","","","","","","","","","","","","","","","","","","","","","","","","","","","","","","","","","","","","","","","","2.0462026914023648","2.274372213758788","2.061572869804435","2.1404900568338716","2.314720948324944","2.255329390113444","2.2721631265878566","2.324241842416403","2.3232939590523314","2.9","",""
"Kosovo","KSV","","","","","","","","","","","","","","","","","","","","","","","","","","","","","","","","","","","","","","","","","","","","","","","","","","","",""
"Koweït","KWT","","","","","","","","","","","","","","","","","","","","","","","","","","","","","","","","","","","","","","","","","","","","","","","","","","2.2","",""
"République kirghize","KGZ","","","","","","","","","","","","","","","","","","","","","","","","","","","","","","","","","","","","11.650354355871507","11.140171910668272","9.263043642017758","8.810353512843424","8.838782044412328","8.335267465210853","7.738659455679533","8.215578375718188","8.385998736509524","8.349331236502081","9.73746331346243","8.773096257782681","8.094624604973562","8.012906736683203","8.1","",""
"République démocratique populaire lao","LAO","","","","","","","","","","","","","","","","","","","","","","","","","","","","","","","","","","","","","","","","","","","","","","","","","4.6","","",""
"Lettonie","LVA","","","","","","","","","","","","","","","","","","","","","","","","","","","","","","","","","","","","18.69","16.31","16.64","13.34","13.0","12.76","12.51","10.82","10.48","9.24","10.37","9.56","8.34","7.42","4.8","",""
"Liban","LBN","","","","","","","","","","","","","","","","","","","","","","","","","","","","","","","","","","","","","","","","","","","","","","","","","","","2.2",""
"Lesotho","LSO","","","","","","","","","","","","","","","","","","","","","","","","","","","","","","","","","","","","","","","","","","","","","","","","","","33.6","",""
"Libéria","LBR","","","","","","","","","","","","","","","","","","","","","","","","","","","","","","","","","","","","","","","","","","","","","","","","","10.1","","",""
"Libye","LBY","","","","","","","","","","","","","","","","","","","","","","","","","","","","","","","","","","","","","","","","","","","","","","","","","2.9","","",""
"Liechtenstein","LIE","","","","","","","","","","","","","","","","","","","","","","","","","","","","","","","","","","","","","","","","","","","","","","","","","2.8","","",""
"Lituanie","LTU","","","","","","","","","","","","","","","","","","","","","","","","","","","","","","","","","","","","12.35","9.65","9.48","8.87","8.35","9.88","10.17","7.22","9.3","8.42","8.9","7.35","7.04","7.05","7.5","",""
"Luxembourg","LUX","","","","","","","","","","","","","","","","","","","","","","","","","","","","","","","","","","","","","","","","","","","","","","","","","2.5","","",""
"Région administrative spéciale de Macao, Chine","MAC","","","","","","","","","","","","","","","","","","","","","","","","","","","","","","","","","","","","","","","","","","","","","","","","","","1.9","",""
"Macédoine, ex-République yougoslave de","MKD","","","","","","","","","","","","","","","","","","","","","","","","","","","","","","","","","","","","","","","","2.5484989341277986","2.737556437214641","2.9760797589375394","3.4614823550936946","2.4163892339503676","2.7544970853977717","2.6004497306081276","2.4962177406684285","2.0508593589013646","1.7539380781905596","1.7503180960039753","1.9",""
"Madagascar","MDG","","","","","","","","","","","","","","","","","","","","","","","","","","","","","","","","","","","","","","","","","","","","","","","","","8.1","","",""
"Malawi","MWI","","","","","","","","","","","","","","","","","","","","","","","","","","","","","","","","","","","","","","","","","","","","","","","","","36.0","","",""
"Malaisie","MYS","","","","","","","","","","","","","","","","","","","","","","","","","","","","","","","","","","","","","","","","","","","","","","","2.3","","","","",""
"Maldives","MDV","","","","","","","","","","","","","","","","","","","","","","","","","","","","","","","","","","","","","","","","","","","","","","","","","1.6","","",""
"Mali","MLI","","","","","","","","","","","","","","","","","","","","","","","","","","","","","","","","","","","","","","","","","","","","","","","","","8.0","","",""
"Malte","MLT","","","","","","","","","","","","","","","","","","","","","","","","","","","","","","","","","","","","","","","","","","","","","","","","","","1.0","",""
"Îles Marshall","MHL","","","","","","","","","","","","","","","","","","","","","","","","","","","","","","","","","","","","","","","","","","","","","","","","","","","",""
"Mauritanie","MRT","","","","","","","","","","","","","","","","","","","","","","","","","","","","","","","","","","","","","","","","","","","","","","","","","14.7","","",""
"Maurice","MUS","","","","","","","","","","","","","","","","","","","","","","","","","","","","","","","","","","","","2.1985791901841356","2.955370429606553","2.064715052116849","2.6417805259870244","1.941796752978125","2.1738639679539005","2.3173455799529745","2.457133262622498","2.9183021318197073","2.809735170418466","2.944120591179415","3.9473144051712974","3.5276133735742556","3.7387574395431242","4.2","",""
"Mexique","MEX","","","","","","","","","","","","","","","","","","","","","","","","","","","","","","","","","","","","18.4","17.0","15.8","15.9","14.4","12.3","11.7","11.3","11.3","10.6","10.5","11.2","8.118420498346133","12.660543986857187","17.675983661617817","18.1",""
"Micronésie, États fédérés de","FSM","","","","","","","","","","","","","","","","","","","","","","","","","","","","","","","","","","","","","","","","","","","","","","","","","0.9","","",""
"Moldova","MDA","","","","","","","","","","","","","","","","","","","","","","","","","","","","","","","","","","","","9.265341400172861","9.192877006037817","9.699252876390755","8.883540339564446","9.383026417178954","10.05664839424789","10.17275365303336","10.103779166158539","9.136617844789907","7.915554875171961","7.114648849603757","6.864136662538316","5.8558534021146444","6.4097996758787135","6.6613875170593975","6.6",""
"Monaco","MCO","","","","","","","","","","","","","","","","","","","","","","","","","","","","","","","","","","","","","","","","","","","","","","","","","0.0","","",""
"Mongolie","MNG","","","","","","","","","","","","","","","","","","","","","","","","","","","","","","","","","","","","","","","","","","","","","","","","","","7.6","",""
"Monténégro","MNE","","","","","","","","","","","","","","","","","","","","","","","","","","","","","","","","","","","","","","","","","","","","","","","","","","3.5","",""
"Maroc","MAR","","","","","","","","","","","","","","","","","","","","","","","","","","","","","","","","","","","","","","","","1.8984395319235614","1.6010704736348493","1.8641086107261975","1.5685512402402246","1.7131158433118414","1.5623882227574677","1.5431452386253661","1.6220397286386161","1.6671396678341912","1.3600901592911412","1.3655966500396843","1.4",""
"Mozambique","MOZ","","","","","","","","","","","","","","","","","","","","","","","","","","","","","","","","","","","","","","","","","","","","","","","","8.8","","","",""
"Myanmar","MMR","","","","","","","","","","","","","","","","","","","","","","","","","","","","","","","","","","","","3.8283349906566553","","","","","2.3155119728206492","2.0210086496743234","1.7847240426358733","1.6665330604494513","1.6127545048162102","1.4593761702264725","1.6671931449480895","1.5964762082628579","10.2","","",""
"Namibie","NAM","","","","","","","","","","","","","","","","","","","","","","","","","","","","","","","","","","","","","","","","","","","","","17.2","","","","","","",""
"Népal","NPL","","","","","","","","","","","","","","","","","","","","","","","","","","","","","","","","","","","","","","2.533956336979704","2.7950922995379153","2.6442399304405404","2.6023943831558936","3.394690767690102","3.3564696323801204","2.8955538903889413","3.503272621793462","3.346535593411687","2.2742243969667664","3.0662048609708705","3.1724222201295693","2.8","",""
"Pays-Bas","NLD","","","","","","","","","","","","","","","","","","","","","","","","","","","","","","","","","","","","1.26","1.36","1.32","1.09","1.33","1.18","1.34","1.26","1.24","1.18","1.12","0.81","0.96","0.97","1.1","",""
"Nouvelle-Calédonie","NCL","","","","","","","","","","","","","","","","","","","","","","","","","","","","","","","","","","","","","","","","","","","","","","","","","","","",""
"Nouvelle-Zélande","NZL","","","","","","","","","","","","","","","","","","","","","","","","","","","","","","","","","","","","1.0884176040663283","1.4795517872716581","1.7590004186954027","1.400830454582698","1.3098033277911187","1.3478374466567409","1.3054061732913897","1.5143950824562884","1.0943180272231507","1.1031764126173964","1.475526696511008","1.1708754061922102","1.1340919620995915","1.2155755434616178","1.5","",""
"Nicaragua","NIC","","","","","","","","","","","","","","","","","","","","","","","","","","","","","","","","","","","","15.246795369459829","13.98641585206006","14.073125118787333","13.009259579721515","11.231838357628941","9.381706146042418","10.429948908788447","10.613587998139366","12.007705353980535","12.061212708261298","13.439432955480635","13.142740538091466","12.833292652634402","13.05988721296861","14.044968416333495","13.2",""
"Niger","NER","","","","","","","","","","","","","","","","","","","","","","","","","","","","","","","","","","","","","","","","","","","","","","","","","3.8","","",""
"Nigéria","NGA","","","","","","","","","","","","","","","","","","","","","","","","","","","","","","","","","","","","1.4407167159352396","1.3860979226592167","1.5008408829750555","1.4154537442938568","1.3619307551683326","1.014645366972409","1.67318152515263","1.6305631210971478","1.60520522965944","1.8695091690920311","1.483300284487554","1.395294268223933","1.3480640279648226","12.2","","",""
"Mariannes","MNP","","","","","","","","","","","","","","","","","","","","","","","","","","","","","","","","","","","","","","","","","","","","","","","","","","","",""
"Norvège","NOR","","","","","","","","","","","","","","","","","","","","","","","","","","","","","","","","","","","","0.9864430606712953","0.9805846519346364","0.8612694386245799","0.8560008361776591","0.8285441985783077","1.0911052874294205","0.8196806657047603","1.0141990065700253","1.118749808057631","0.7848188136766014","0.7137761831489123","0.7068194367634353","0.6353218625265141","0.7114520128756074","0.6","",""
"Oman","OMN","","","","","","","","","","","","","","","","","","","","","","","","","","","","","","","","","","","","","","","","","","","","","","","","","0.7","","",""
"Pakistan","PAK","","","","","","","","","","","","","","","","","","","","","","","","","","","","","","","","","","","","","6.931456886529388","6.930046572534826","7.434970026679539","6.606207970859969","6.162375394915128","6.457126014941375","6.247039620605502","6.102916552215215","6.235721727462891","6.0707692598810725","6.221158571412969","6.419144237830486","7.201885679300861","7.3","",""
"Palaos","PLW","","","","","","","","","","","","","","","","","","","","","","","","","","","","","","","","","","","","","","","","","","","","","","","","","0.0","","",""
"Panama","PAN","","","","","","","","","","","","","","","","","","","","","","","","","","","","","","","","","","","","14.083317954997634","9.07853924839213","11.301551218630122","9.8829659871219","9.828819893255568","10.114589161625721","10.157221170171626","12.381387125898831","10.814044820696418","9.679541189747606","11.240392783791355","11.260909195488471","13.251069262801831","19.19866419569486","23.62863640525827","21.6",""
"Papouasie-Nouvelle-Guinée","PNG","","","","","","","","","","","","","","","","","","","","","","","","","","","","","","","","","","","","","","","","","","","","","","","","","13.0","","",""
"Paraguay","PRY","","","","","","","","","","","","","","","","","","","","","","","","","","","","","","","","","","","","","","","","","","","","","","","","","","","11.5",""
"Pérou","PER","","","","","","","","","","","","","","","","","","","","","","","","","","","","","","","","","","","","5.5","4.4","4.2","5.4","2.6","3.2","3.0","2.7","2.9","3.0","2.9","2.7","3.0","","5.2","",""
"Philippines","PHL","","","","","","","","","","","","","","","","","","","","","","","","","","","","","","","","","","","","","","","7.986133274180392","7.536713527985821","7.418189880179095","7.410935580087881","8.127205991346989","7.820741223022483","7.5580766829784025","7.521062218063182","7.1123334876290345","6.725124717392765","6.454250195282656","5.4","",""
"Pologne","POL","","","","","","","","","","","","","","","","","","","","","","","","","","","","","","","","","","","","2.2218298928484117","2.2735001396653063","2.1021583305018012","4.871447479332187","4.747490005946623","5.665434821861497","2.027866968790971","1.8728503581839386","1.7330681791377807","1.6581474213030922","1.454210450192113","1.2837195801031847","1.3747139874817758","1.203606780408903","1.3","",""
"Portugal","PRT","","","","","","","","","","","","","","","","","","","","","","","","","","","","","","","","","","","","","1.0423792049675467","1.1164123286784489","1.219234566489933","1.0589033957574696","1.1222683287460615","1.0115844726985876","1.1416778020227079","1.423683675450572","1.3706123391469822","1.2803899365903482","1.4653566063475467","1.7439608990768887","1.1660039877336381","1.2","",""
"Porto Rico","PRI","","","","","","","","","","","","","","","","","","","","","","","","","","","","","","","","","","","","23.341144332019134","23.25648066751458","19.251950057676076","17.225709635829475","15.591419618475596","18.22065236227481","19.569158900784362","20.483381578122597","20.691577187207503","21.015865264308125","20.386114596933993","19.82456321690113","19.41358749286929","21.468584172146652","23.817287834321192","26.2",""
"Qatar","QAT","","","","","","","","","","","","","","","","","","","","","","","","","","","","","","","","","","","","","","","0.9110322359646374","0.5264358537912155","0.16921704963305284","","","0.612088752869166","0.8389895210208825","0.7308285403161564","0.2044287443168809","2.5462742914567404","0.9","","",""
"Roumanie","ROU","","","","","","","","","","","","","","","","","","","","","","","","","","","","","","","","","","","","4.12","3.75","3.57","3.14","3.41","3.38","3.28","3.4","3.62","2.91","2.36","1.96","1.83","2.19","1.8","",""
"Fédération de Russie","RUS","","","","","","","","","","","","","","","","","","","","","","","","","","","","","","","","","","","","30.8","26.6","23.9","23.0","26.2","28.2","29.8","30.7","29.1","27.3","24.9","20.2","17.9","16.7","11.2","",""
"Rwanda","RWA","","","","","","","","","","","","","","","","","","","","","","","","","","","","","","","","","","","","","","","","","","","","","","","","","17.1","","",""
"Samoa","WSM","","","","","","","","","","","","","","","","","","","","","","","","","","","","","","","","","","","","","","","","","","","","","","","","","1.1","","",""
"Saint-Marin","SMR","","","","","","","","","","","","","","","","","","","","","","","","","","","","","","","","","","","","","","","","","","","","","","","","","","","",""
"Sao Tomé-et-Principe","STP","","","","","","","","","","","","","","","","","","","","","","","","","","","","","","","","","","","","","","","","","","","","","","","","","1.9","","",""
"Arabie saoudite","SAU","","","","","","","","","","","","","","","","","","","","","","","","","","","","","","","","","","","","","","","","0.9397861159165904","0.8630462359310991","1.1072657132125714","1.32786210659872","1.119350977021023","1.2966443576348468","1.2353835820267245","1.028249190828372","1.0","","","",""
"Sénégal","SEN","","","","","","","","","","","","","","","","","","","","","","","","","","","","","","","","","","","","","","","","","","","","","","","","","8.7","","",""
"Serbie","SRB","","","","","","","","","","","","","","","","","","","","","","","","","","","","","","","","","","","","","","","3.36","3.03","2.46","2.67","2.1","2.2","1.59","1.89","1.76","2.4","1.5","","",""
"Seychelles","SYC","","","","","","","","","","","","","","","","","","","","","","","","","","","","","","","","","","","","","","","","","","","","","","","8.3","","","","",""
"Sierra Leone","SLE","","","","","","","","","","","","","","","","","","","","","","","","","","","","","","","","","","","","","","","","","","","","","","","","","14.9","","",""
"Singapour","SGP","","","","","","","","","","","","","","","","","","","","","","","","","","","","","","","","","","","","1.4648126160002344","0.8667602208505043","1.062469675344683","0.9837121201043374","1.040395162890769","0.9440461306866021","0.7535878316665645","0.5456055564469868","0.5873643249593128","0.45671342290364936","0.492264531707579","0.38549146193101747","0.3925935910404908","0.3771832624508195","0.5","",""
"Sint Maarten (Dutch part)","SXM","","","","","","","","","","","","","","","","","","","","","","","","","","","","","","","","","","","","","","","","","","","","","","","","","","","",""
"République slovaque","SVK","","","","","","","","","","","","","","","","","","","","","","","","","","","","","","","","","","","","2.3841036906297646","2.453163623969416","2.5974531971402035","2.371886620854665","2.6104584964869892","2.64577430065062","2.3857763343933702","2.551698710208755","2.699114209874987","2.2545251738987337","1.9573461045858034","1.6414237820543323","1.6387484086648176","1.7275270780680512","1.5","",""
"Slovénie","SVN","","","","","","","","","","","","","","","","","","","","","","","","","","","","","","","","","","","","2.2378134528190095","1.9274781281955558","1.82208826499237","0.7073347072467957","1.2611116547903578","1.813231147684655","1.4081779936984034","1.8078469597287026","1.0529345285310159","1.401430159477747","0.9989590846338116","0.597936223125881","1.2423317075352387","0.5450476966284341","0.6","",""
"Îles Salomon","SLB","","","","","","","","","","","","","","","","","","","","","","","","","","","","","","","","","","","","","","","","","","","","","","","","","3.7","","",""
"Somalie","SOM","","","","","","","","","","","","","","","","","","","","","","","","","","","","","","","","","","","","","","","","","","","","","","","","","1.5","","",""
"Afrique du Sud","ZAF","","","","","","","","","","","","","","","","","","","","","","","","","","","","","","","","","","","","64.91652657816938","60.39016742800483","57.112395332718876","57.741681407337154","51.212870951766874","48.60995371352969","47.15840378948674","46.838661965487425","42.512159841603605","39.79319312583335","38.76735625398871","39.73026456731193","37.85026233935545","36.79690672403859","33.8","",""
"Soudan du Sud","SSD","","","","","","","","","","","","","","","","","","","","","","","","","","","","","","","","","","","","","","","","","","","","","","","","","","","",""
"Espagne","ESP","","","","","","","","","","","","","","","","","","","","","","","","","","","","","","","","","","","","0.87","0.84","0.83","0.83","0.82","1.0","0.96","1.02","1.0","1.36","0.84","0.8","0.7","0.78","0.9","",""
"Sri Lanka","LKA","","","","","","","","","","","","","","","","","","","","","","","","","","","","","","","","","","","","","","","","","","","","","","","","","","4.6","",""
"Saint-Kitts-et-Nevis","KNA","","","","","","","","","","","","","","","","","","","","","","","","","","","","","","","","","","","","9.276222722107558","9.150386603834013","15.800641054579929","17.822135091784","13.19290221860639","13.019985678015756","12.849341471249598","10.569260363159785","20.866807169834942","22.66032177656923","16.269090761190082","34.12900764891289","31.71142602318898","45.00802316934758","52.1718967382903","38.2",""
"Sainte-Lucie","LCA","","","","","","","","","","","","","","","","","","","","","","","","","","","","","","","","","","","","","","","","","14.639610968251137","21.40262748726858","26.16969175841636","22.21468020116627","22.000721134748304","20.571774315534714","23.35301373636244","14.811040742210874","22.857276819204802","22.61420171867933","25.2",""
"Saint-Martin (fr)","MAF","","","","","","","","","","","","","","","","","","","","","","","","","","","","","","","","","","","","","","","","","","","","","","","","","","","",""
"Saint-Vincent-et-les Grenadines","VCT","","","","","","","","","","","","","","","","","","","","","","","","","","","","","","","","","","","","18.503612830405135","22.212144489999904","8.334954018836996","22.241374516945147","12.97870565222631","18.53722738689974","11.11244872067934","18.49283402681461","16.612215515809293","24.86966453585837","22.06795089880925","11.935584568207275","33.00935264991748","24.730257011485833","18.303452946398338","22.0",""
"Soudan","SDN","","","","","","","","","","","","","","","","","","","","","","","","","","","","","","","","","","","","","","","","","","","","","","","","","24.2","","",""
"Suriname","SUR","","","","","","","","","","","","","","","","","","","","","","","","","","","","","","","","","","","","","","","","","4.6","16.686697744761116","11.87173527279998","12.325390304026294","14.39473193359771","13.81951315257143","13.7","8.821177097871939","8.348444665343859","4.616618673068378","",""
"Swaziland","SWZ","","","","","","","","","","","","","","","","","","","","","","","","","","","","","","","","","","","","","","","","","","","","","12.9","","","","","","",""
"Suède","SWE","","","","","","","","","","","","","","","","","","","","","","","","","","","","","","","","","","","","1.05","1.25","1.05","1.15","1.22","1.02","0.91","1.2","0.95","1.16","0.96","0.89","1.18","0.83","1.0","",""
"Suisse","CHE","","","","","","","","","","","","","","","","","","","","","","","","","","","","","","","","","","","","1.1683071884231586","1.175477056033292","1.2269968068465857","1.0684739998099242","1.2470679890258016","0.9626239622495154","1.1931209087918722","1.1853934713765382","0.999031350151182","1.0731900683459057","1.0114622953154326","0.8033903070959448","0.6780460520901567","0.7","","",""
"République arabe syrienne","SYR","","","","","","","","","","","","","","","","","","","","","","","","","","","","","","","","","","","","","","1.9923987296034913","2.21047919768026","2.1190749300400253","2.232850116214532","2.2850300268746273","2.169438064842381","2.3155951502632575","2.366036118041209","2.326320936423164","2.357203293509811","2.758613550848028","3.0","2.3736217223886835","",""
"Tadjikistan","TJK","","","","","","","","","","","","","","","","","","","","","","","","","","","","","","","","","","","","7.53194062268198","8.258914935565107","8.376532186320317","8.145759659278303","5.848367076936989","4.5846241426307355","3.738415524725126","2.863593214493154","2.5880881035689733","2.221832793000288","2.432886426043352","4.3374080446504735","2.3317696344845107","1.763453355762069","1.4","",""
"Tanzanie","TZA","","","","","","","","","","","","","","","","","","","","","","","","","","","","","","","","","","","","","","","","","","","","","","","","","24.5","","",""
"Thaïlande","THA","","","","","","","","","","","","","","","","","","","","","","","","","","","","","","","","","","","","7.614397393790598","7.424726360083662","7.856072936391641","8.694399449319022","8.095033125141535","8.141869430540519","7.856162860071457","7.020102476479602","9.84239366157191","6.468324593274005","7.205561181953719","6.966783573962351","6.541640358136151","5.821176902519251","5.389621611884891","5.3",""
"Timor-Leste","TLS","","","","","","","","","","","","","","","","","","","","","","","","","","","","","","","","","","","","","","","","","","","","","","","","","6.9","","",""
"Togo","TGO","","","","","","","","","","","","","","","","","","","","","","","","","","","","","","","","","","","","","","","","","","","","","","","","","10.9","","",""
"Tonga","TON","","","","","","","","","","","","","","","","","","","","","","","","","","","","","","","","","","","","","","","","","","","","","","","","","1.0","","",""
"Trinité-et-Tobago","TTO","","","","","","","","","","","","","","","","","","","","","","","","","","","","","","","","","","","","10.7","9.6","8.3","8.5","8.9","12.1","15.1","13.7","17.53358370372072","22.3","30.2","30.2","29.494475254814162","41.09568457747326","37.864360283129635","35.2",""
"Tunisie","TUN","","","","","","","","","","","","","","","","","","","","","","","","","","","","","","","","","","","","","","","","","","","","","","","","","1.1","","",""
"Turquie","TUR","","","","","","","","","","","","","","","","","","","","","","","","","","","","","","","","","","","","","","","","","","","","","","","","","3.3","","",""
"Turkménistan","TKM","","","","","","","","","","","","","","","","","","","","","","","","","","","","","","","","","","","","7.9273927235130754","7.217019043088885","6.2038874158179755","7.599038334873239","8.045979853136146","7.664249873206649","7.052252799315953","5.804230479688128","5.335729247885932","5.131184807605055","4.907495810199125","4.4","","","","",""
"Îles Turques-et-Caïques","TCA","","","","","","","","","","","","","","","","","","","","","","","","","","","","","","","","","","","","","","","","","","","","","","","","","8.9","","",""
"Tuvalu","TUV","","","","","","","","","","","","","","","","","","","","","","","","","","","","","","","","","","","","","","","","","","","","","","","","","","","",""
"Ouganda","UGA","","","","","","","","","","","","","","","","","","","","","","","","","","","","","","","","","","","","","","","","","","","","","","","","","36.3","","",""
"Ukraine","UKR","","","","","","","","","","","","","","","","","","","","","","","","","","","","","","","","","","","","7.840111489202182","9.002759185172891","9.500854918032232","9.819469967233335","9.174310811551553","9.332854889016954","9.54420103406382","10.005752787370383","10.188215848624019","9.087207365376175","8.611811198154834","8.13018652188925","7.162587362499388","7.001280930006672","4.8","",""
"Émirats arabes unis","ARE","","","","","","","","","","","","","","","","","","","","","","","","","","","","","","","","","","","","","","","","","","","","","","","0.8","","","","",""
"Royaume-Uni","GBR","","","","","","","","","","","","","","","","","","","","","","","","","","","","","","","","","","","","1.569040993523654","1.4650031635986744","1.493515698401806","1.5746812860464805","1.5680549571901397","1.707031971282049","1.7868888351581342","2.0508941603628354","1.753227830849317","1.599551511135383","1.3819971975688077","1.4172882706362502","1.4598635797717163","1.2550938612722722","1.2","",""
"États-Unis","USA","","","","","","","","","","","","","","","","","","","","","","","","","","","","","","","","","","","","8.112683407764242","7.292303034096961","6.678321942505545","6.150310367836244","5.557464494364715","5.51724020749156","5.616282010942606","5.625940808516159","5.674054482657011","5.491338050143792","5.639776061674705","5.684919843798566","5.600352123835208","5.335273267371973","5.0","4.56176941212179",""
"Uruguay","URY","","","","","","","","","","","","","","","","","","","","","","","","","","","","","","","","","","","","","","","","","6.4475970046995155","6.556765649766453","6.946576615778231","5.928156758519995","6.021617002878633","5.658340378669381","6.100766021798668","5.786190372258905","6.604966516406169","6.76120237410537","6.1",""
"Ouzbékistan","UZB","","","","","","","","","","","","","","","","","","","","","","","","","","","","","","","","","","","","5.0481346400773806","4.9384403916967035","4.437572989444723","4.414063712637075","4.1439446159758715","4.310691038485026","4.316655297344674","4.185949863240508","3.778027431853095","3.7419984636801322","3.5070932309477927","3.2845384187804796","3.0750269215777206","3.1","","",""
"Vanuatu","VUT","","","","","","","","","","","","","","","","","","","","","","","","","","","","","","","","","","","","","","","","","","","","","","","","","0.9","","",""
"Venezuela","VEN","","","","","","","","","","","","","","","","","","","","","","","","","","","","","","","","","","","","20.335913345500998","22.04962583638351","18.399788069281275","19.42424157301692","24.985124263942552","32.94685330033665","32.08294359878973","38.051961165712356","44.06988966946533","37.09542834246451","37.36856589540057","45.180898870978844","47.67802129108501","51.9968200998771","49.0","",""
"Viet Nam","VNM","","","","","","","","","","","","","","","","","","","","","","","","","","","","","","","","","","","","","","","","","","","","","","","","","1.6","","",""
"Îles Vierges (EU)","VIR","","","","","","","","","","","","","","","","","","","","","","","","","","","","","","","","","","","","","","","","","","","","","","","","39.2","","","",""
"Cisjordanie et Gaza","PSE","","","","","","","","","","","","","","","","","","","","","","","","","","","","","","","","","","","","","","","","","","","","","","4.1","","","","","",""
"Yémen, Rép. du","YEM","","","","","","","","","","","","","","","","","","","","","","","","","","","","","","","","","","","","","","","","","","","","","","","","","","4.2","",""
"Zambie","ZMB","","","","","","","","","","","","","","","","","","","","","","","","","","","","","","","","","","","","","","","","","","","","","","","","","38.0","","",""
"Zimbabwe","ZWE","","","","","","","","","","","","","","","","","","","","","","","","","","","","","","","","","","","","","","","","","","","","","","","","","14.3","","",""
