"","Départements","","","","","","","","","","","","","","","","","","","","","","","","","","","","","","","","","","","","","","","","","","","","","","","","","","","","","","","","","","","","","","","","","","","","","","","","","","","","","","","","","","","","","","","","","","","","","","","","","",""
"","","","","","","","","","","","","","","","","","","","","","","","","","","","","","","","","","","","","","","","","","","","","","","","","","","","","","","","","","","","","","","","","","","","","","","","","","","","","","","","","","","","","","","","","","","","","","","","","","","",""
"Index","Libellé","Tout département","01","02","03","04","05","06","07","08","09","10.0","11.0","12.0","13.0","14.0","15.0","16.0","17.0","18.0","19.0","21.0","22.0","23.0","24.0","25.0","26.0","27.0","28.0","29.0","2A","2B","30.0","31.0","32.0","33.0","34.0","35.0","36.0","37.0","38.0","39.0","40.0","41.0","42.0","43.0","44.0","45.0","46.0","47.0","48.0","49.0","50.0","51.0","52.0","53.0","54.0","55.0","56.0","57.0","58.0","59.0","60.0","61.0","62.0","63.0","64.0","65.0","66.0","67.0","68.0","69.0","70.0","71.0","72.0","73.0","74.0","75.0","76.0","77.0","78.0","79.0","80.0","81.0","82.0","83.0","84.0","85.0","86.0","87.0","88.0","89.0","90.0","91.0","92.0","93.0","94.0","95.0","Service à compétence national"
"","Tout index","3447903.0","22615.0","24052.0","11653.0","7035.0","5303.0","93308.0","11011.0","10795.0","4829.0","14360.0","19941.0","7307.0","172445.0","29336.0","2984.0","13993.0","32795.0","11539.0","7974.0","21795.0","19266.0","2140.0","13387.0","23454.0","25567.0","24733.0","17595.0","33173.0","6717.0","7909.0","47130.0","79929.0","5429.0","85153.0","77316.0","39994.0","7773.0","26084.0","65053.0","8331.0","14497.0","14057.0","34748.0","6183.0","71222.0","31823.0","4765.0","12589.0","2081.0","27378.0","15135.0","33297.0","7758.0","8870.0","35431.0","6799.0","25840.0","45420.0","7511.0","166565.0","41158.0","10055.0","73918.0","25324.0","27760.0","9036.0","32384.0","49322.0","32240.0","115632.0","7363.0","18529.0","19184.0","25700.0","35345.0","238856.0","66765.0","80973.0","84148.0","11946.0","27114.0","13761.0","10542.0","62861.0","37025.0","19848.0","16551.0","13438.0","13172.0","15930.0","6397.0","69926.0","96520.0","142798.0","90376.0","92392.0","442.0"
"1.0","Règlements de compte entre malfaiteurs","43.0","0.0","0.0","0.0","0.0","0.0","3.0","0.0","0.0","0.0","0.0","0.0","0.0","17.0","0.0","0.0","0.0","0.0","0.0","0.0","0.0","0.0","0.0","0.0","0.0","0.0","1.0","0.0","0.0","6.0","2.0","0.0","1.0","0.0","1.0","1.0","0.0","0.0","0.0","1.0","0.0","0.0","0.0","0.0","0.0","0.0","0.0","0.0","3.0","0.0","0.0","0.0","0.0","0.0","0.0","0.0","0.0","0.0","0.0","0.0","0.0","0.0","0.0","0.0","0.0","0.0","0.0","0.0","0.0","0.0","0.0","0.0","0.0","0.0","0.0","0.0","0.0","0.0","0.0","1.0","0.0","0.0","0.0","0.0","0.0","0.0","0.0","0.0","0.0","0.0","0.0","0.0","1.0","3.0","0.0","0.0","1.0","1.0"
"2.0","Homicides pour voler et à l'occasion de vols","36.0","0.0","0.0","0.0","0.0","0.0","1.0","0.0","0.0","0.0","0.0","0.0","1.0","1.0","0.0","1.0","0.0","0.0","0.0","0.0","0.0","0.0","0.0","0.0","0.0","1.0","1.0","0.0","0.0","0.0","0.0","0.0","1.0","0.0","1.0","0.0","0.0","1.0","0.0","9.0","0.0","0.0","0.0","0.0","0.0","0.0","0.0","0.0","1.0","0.0","0.0","0.0","1.0","0.0","1.0","0.0","0.0","0.0","1.0","0.0","1.0","2.0","0.0","0.0","0.0","0.0","0.0","0.0","0.0","0.0","1.0","0.0","0.0","0.0","0.0","0.0","3.0","1.0","0.0","0.0","0.0","0.0","1.0","0.0","0.0","0.0","0.0","0.0","0.0","0.0","0.0","0.0","0.0","1.0","3.0","0.0","1.0","0.0"
"3.0","Homicides pour d'autres motifs","550.0","6.0","7.0","2.0","3.0","3.0","27.0","5.0","2.0","2.0","1.0","5.0","2.0","28.0","3.0","2.0","1.0","2.0","3.0","1.0","1.0","5.0","0.0","1.0","3.0","3.0","7.0","4.0","13.0","7.0","4.0","2.0","10.0","0.0","14.0","17.0","7.0","0.0","3.0","8.0","5.0","5.0","5.0","3.0","0.0","6.0","6.0","1.0","5.0","0.0","1.0","1.0","5.0","3.0","1.0","4.0","0.0","4.0","11.0","1.0","16.0","3.0","6.0","10.0","8.0","3.0","1.0","10.0","13.0","5.0","5.0","0.0","9.0","2.0","1.0","2.0","38.0","18.0","6.0","9.0","2.0","5.0","1.0","1.0","8.0","3.0","4.0","2.0","3.0","1.0","3.0","3.0","6.0","15.0","15.0","21.0","11.0","0.0"
"4.0","Tentatives d'homicides pour voler et à l'occasion de vols","56.0","1.0","0.0","1.0","0.0","0.0","1.0","0.0","0.0","0.0","0.0","0.0","0.0","8.0","0.0","0.0","0.0","0.0","0.0","0.0","0.0","1.0","0.0","0.0","0.0","0.0","0.0","0.0","1.0","0.0","0.0","0.0","2.0","0.0","1.0","1.0","2.0","0.0","0.0","4.0","0.0","0.0","2.0","4.0","0.0","0.0","0.0","0.0","0.0","0.0","0.0","0.0","0.0","0.0","0.0","2.0","0.0","0.0","1.0","0.0","0.0","1.0","1.0","0.0","0.0","0.0","0.0","0.0","0.0","0.0","1.0","0.0","0.0","0.0","0.0","1.0","3.0","1.0","1.0","2.0","0.0","0.0","0.0","0.0","1.0","0.0","0.0","0.0","0.0","0.0","0.0","0.0","2.0","2.0","4.0","4.0","0.0","0.0"
"5.0","Tentatives homicides pour d'autres motifs","1015.0","9.0","6.0","5.0","0.0","0.0","22.0","4.0","1.0","2.0","1.0","2.0","4.0","89.0","11.0","0.0","5.0","4.0","1.0","1.0","7.0","1.0","1.0","4.0","10.0","4.0","1.0","8.0","8.0","8.0","9.0","7.0","21.0","1.0","15.0","33.0","4.0","2.0","7.0","17.0","1.0","5.0","2.0","14.0","2.0","11.0","8.0","4.0","2.0","0.0","5.0","3.0","5.0","2.0","1.0","13.0","2.0","8.0","7.0","1.0","26.0","12.0","1.0","19.0","1.0","9.0","1.0","10.0","12.0","12.0","23.0","4.0","7.0","2.0","6.0","11.0","107.0","18.0","9.0","24.0","0.0","8.0","6.0","2.0","28.0","8.0","3.0","1.0","0.0","3.0","11.0","1.0","29.0","32.0","67.0","33.0","38.0","0.0"
"6.0","Coups et blessures volontaires suivis de mort","121.0","1.0","4.0","1.0","0.0","0.0","2.0","0.0","0.0","0.0","1.0","2.0","0.0","8.0","0.0","0.0","2.0","3.0","0.0","0.0","0.0","0.0","0.0","0.0","2.0","1.0","0.0","0.0","1.0","1.0","0.0","2.0","2.0","0.0","4.0","2.0","1.0","0.0","0.0","0.0","0.0","0.0","0.0","1.0","0.0","1.0","2.0","0.0","0.0","0.0","0.0","2.0","1.0","0.0","0.0","2.0","0.0","3.0","0.0","0.0","8.0","4.0","1.0","2.0","0.0","0.0","0.0","3.0","1.0","1.0","6.0","0.0","3.0","4.0","1.0","1.0","3.0","5.0","0.0","4.0","0.0","0.0","1.0","0.0","2.0","0.0","0.0","0.0","1.0","0.0","2.0","0.0","2.0","2.0","6.0","4.0","2.0","0.0"
"7.0","Autres coups et blessures volontaires criminels ou correctionnels","192906.0","1146.0","1916.0","710.0","328.0","260.0","4471.0","597.0","938.0","315.0","1128.0","791.0","403.0","8007.0","1889.0","213.0","746.0","1517.0","741.0","472.0","1017.0","1225.0","154.0","767.0","1455.0","1347.0","2037.0","1137.0","2096.0","253.0","350.0","2117.0","3211.0","326.0","4193.0","3285.0","2499.0","497.0","1190.0","3022.0","499.0","765.0","732.0","1867.0","325.0","3427.0","2110.0","309.0","790.0","138.0","1457.0","918.0","2164.0","517.0","554.0","2380.0","479.0","1503.0","2859.0","533.0","11295.0","2919.0","674.0","7143.0","1505.0","1188.0","494.0","1467.0","2825.0","2232.0","6399.0","561.0","980.0","1401.0","1286.0","1937.0","10223.0","4272.0","4907.0","3595.0","612.0","2451.0","812.0","604.0","3641.0","1537.0","926.0","850.0","774.0","744.0","1148.0","409.0","4476.0","4065.0","9633.0","4866.0","4963.0","0.0"
"8.0","Prises d'otages à l'occasion de vols","19.0","0.0","1.0","0.0","0.0","0.0","2.0","0.0","0.0","0.0","0.0","0.0","0.0","0.0","0.0","0.0","0.0","0.0","0.0","0.0","0.0","0.0","0.0","0.0","1.0","1.0","0.0","0.0","0.0","0.0","0.0","0.0","0.0","0.0","0.0","1.0","0.0","0.0","0.0","1.0","0.0","0.0","0.0","0.0","0.0","0.0","0.0","0.0","0.0","0.0","0.0","0.0","0.0","0.0","0.0","0.0","0.0","0.0","1.0","0.0","0.0","0.0","0.0","0.0","0.0","1.0","0.0","0.0","0.0","0.0","2.0","0.0","0.0","0.0","0.0","2.0","0.0","0.0","0.0","1.0","0.0","0.0","0.0","0.0","0.0","0.0","0.0","0.0","0.0","1.0","0.0","0.0","0.0","0.0","1.0","1.0","2.0","0.0"
"9.0","Prises d'otages dans un autre but","14.0","0.0","0.0","0.0","0.0","0.0","1.0","0.0","0.0","1.0","0.0","0.0","0.0","1.0","0.0","0.0","0.0","0.0","0.0","0.0","0.0","0.0","0.0","0.0","0.0","0.0","0.0","0.0","0.0","0.0","0.0","0.0","0.0","0.0","0.0","0.0","0.0","0.0","1.0","1.0","0.0","0.0","0.0","0.0","0.0","0.0","0.0","0.0","0.0","0.0","0.0","0.0","0.0","0.0","0.0","0.0","0.0","0.0","0.0","0.0","0.0","0.0","0.0","0.0","0.0","0.0","0.0","0.0","1.0","1.0","0.0","0.0","0.0","0.0","0.0","0.0","1.0","0.0","0.0","1.0","0.0","0.0","0.0","0.0","0.0","0.0","0.0","0.0","0.0","2.0","0.0","0.0","0.0","0.0","2.0","1.0","0.0","0.0"
"10.0","Séquestrations","2059.0","8.0","17.0","9.0","1.0","1.0","54.0","11.0","2.0","1.0","6.0","8.0","4.0","171.0","18.0","1.0","7.0","9.0","6.0","6.0","13.0","11.0","1.0","4.0","14.0","16.0","13.0","6.0","17.0","5.0","5.0","22.0","34.0","4.0","28.0","25.0","21.0","3.0","10.0","41.0","4.0","5.0","6.0","31.0","1.0","37.0","24.0","0.0","8.0","0.0","9.0","4.0","21.0","3.0","5.0","16.0","9.0","7.0","21.0","1.0","105.0","25.0","9.0","39.0","11.0","8.0","3.0","13.0","35.0","25.0","106.0","5.0","6.0","2.0","12.0","20.0","151.0","39.0","34.0","57.0","8.0","16.0","6.0","3.0","22.0","15.0","9.0","2.0","10.0","6.0","12.0","1.0","58.0","50.0","176.0","52.0","61.0","2.0"
"11.0","Menaces ou chantages pour extorsion de fonds","9848.0","28.0","36.0","14.0","17.0","7.0","200.0","19.0","13.0","15.0","25.0","42.0","14.0","362.0","70.0","6.0","21.0","36.0","34.0","11.0","56.0","44.0","1.0","21.0","48.0","37.0","64.0","46.0","56.0","23.0","17.0","100.0","264.0","4.0","157.0","102.0","65.0","16.0","70.0","197.0","16.0","17.0","19.0","80.0","9.0","110.0","88.0","8.0","21.0","4.0","64.0","20.0","68.0","27.0","23.0","79.0","5.0","38.0","69.0","12.0","300.0","106.0","23.0","115.0","40.0","34.0","21.0","35.0","109.0","134.0","247.0","40.0","27.0","49.0","35.0","75.0","1443.0","181.0","204.0","275.0","19.0","85.0","22.0","17.0","121.0","43.0","36.0","12.0","36.0","19.0","30.0","32.0","305.0","468.0","769.0","896.0","310.0","0.0"
"12.0","Menaces ou chantages dans un autre but","72144.0","414.0","656.0","282.0","137.0","70.0","1768.0","213.0","281.0","78.0","389.0","366.0","127.0","4175.0","437.0","78.0","254.0","430.0","341.0","163.0","450.0","286.0","50.0","284.0","509.0","606.0","312.0","469.0","659.0","210.0","261.0","947.0","1372.0","98.0","1611.0","1208.0","605.0","166.0","416.0","1122.0","161.0","232.0","301.0","681.0","136.0","1045.0","846.0","134.0","196.0","58.0","485.0","345.0","757.0","172.0","183.0","562.0","137.0","460.0","1155.0","151.0","4183.0","810.0","248.0","1969.0","551.0","472.0","241.0","616.0","1322.0","913.0","2860.0","168.0","285.0","530.0","322.0","560.0","3817.0","2209.0","1815.0","1742.0","198.0","720.0","280.0","267.0","1383.0","795.0","319.0","177.0","231.0","250.0","418.0","171.0","1666.0","2110.0","3331.0","1646.0","2052.0","0.0"
"13.0","Atteintes à la dignité et à la  personnalité","30453.0","307.0","374.0","133.0","91.0","38.0","963.0","100.0","106.0","32.0","159.0","146.0","81.0","1298.0","333.0","36.0","116.0","198.0","165.0","76.0","260.0","210.0","19.0","108.0","249.0","204.0","208.0","220.0","275.0","103.0","143.0","548.0","607.0","36.0","560.0","615.0","302.0","126.0","154.0","831.0","108.0","124.0","168.0","417.0","96.0","523.0","388.0","36.0","127.0","33.0","165.0","148.0","282.0","130.0","108.0","281.0","82.0","208.0","663.0","145.0","1706.0","425.0","161.0","696.0","464.0","148.0","104.0","218.0","762.0","424.0","1096.0","100.0","192.0","259.0","223.0","387.0","1494.0","1058.0","484.0","531.0","146.0","407.0","132.0","82.0","567.0","267.0","170.0","153.0","113.0","163.0","212.0","64.0","366.0","391.0","585.0","299.0","642.0","0.0"
"14.0","Violations de domicile","7605.0","63.0","105.0","29.0","22.0","9.0","288.0","30.0","22.0","8.0","37.0","49.0","16.0","332.0","64.0","13.0","33.0","72.0","29.0","24.0","49.0","92.0","7.0","43.0","57.0","78.0","70.0","27.0","143.0","12.0","20.0","107.0","154.0","24.0","187.0","140.0","98.0","17.0","69.0","93.0","25.0","33.0","23.0","65.0","18.0","186.0","74.0","14.0","38.0","11.0","57.0","71.0","82.0","31.0","21.0","61.0","10.0","92.0","79.0","14.0","306.0","60.0","35.0","208.0","67.0","64.0","22.0","86.0","130.0","103.0","205.0","23.0","36.0","69.0","48.0","83.0","401.0","176.0","143.0","183.0","59.0","36.0","28.0","28.0","170.0","73.0","77.0","34.0","19.0","37.0","40.0","6.0","154.0","142.0","273.0","106.0","138.0","0.0"
"15.0","Vols à main armée contre des établissements financiers","336.0","0.0","2.0","0.0","0.0","0.0","13.0","3.0","0.0","1.0","1.0","6.0","0.0","5.0","2.0","0.0","0.0","2.0","3.0","0.0","1.0","0.0","0.0","0.0","5.0","1.0","1.0","1.0","2.0","1.0","1.0","5.0","14.0","0.0","3.0","6.0","0.0","0.0","2.0","14.0","1.0","1.0","2.0","6.0","0.0","2.0","3.0","0.0","0.0","0.0","0.0","0.0","1.0","0.0","0.0","6.0","0.0","1.0","9.0","3.0","24.0","7.0","0.0","1.0","0.0","0.0","0.0","2.0","0.0","9.0","10.0","1.0","1.0","1.0","1.0","1.0","28.0","6.0","13.0","6.0","0.0","1.0","1.0","4.0","9.0","3.0","2.0","0.0","1.0","3.0","1.0","1.0","5.0","9.0","23.0","14.0","18.0","0.0"
"16.0","Vols à main armée contre des établissements industriels ou commerciaux","3633.0","16.0","22.0","5.0","17.0","2.0","79.0","13.0","5.0","1.0","7.0","16.0","7.0","510.0","12.0","0.0","8.0","11.0","5.0","6.0","9.0","4.0","1.0","1.0","29.0","49.0","28.0","13.0","12.0","25.0","15.0","45.0","47.0","5.0","30.0","89.0","12.0","4.0","16.0","117.0","6.0","6.0","12.0","38.0","9.0","24.0","20.0","1.0","4.0","0.0","5.0","2.0","21.0","3.0","4.0","41.0","2.0","5.0","28.0","5.0","160.0","47.0","5.0","48.0","15.0","10.0","2.0","7.0","29.0","28.0","216.0","5.0","19.0","3.0","23.0","31.0","240.0","28.0","105.0","54.0","5.0","10.0","7.0","4.0","58.0","41.0","13.0","11.0","6.0","12.0","14.0","9.0","94.0","118.0","257.0","189.0","180.0","1.0"
"17.0","Vols à main armée contre des entreprises de transports de fonds","42.0","1.0","0.0","0.0","0.0","0.0","1.0","0.0","0.0","0.0","0.0","1.0","0.0","4.0","0.0","0.0","0.0","0.0","0.0","0.0","0.0","0.0","0.0","0.0","0.0","0.0","0.0","0.0","0.0","0.0","0.0","0.0","0.0","0.0","0.0","2.0","1.0","0.0","0.0","2.0","0.0","0.0","0.0","0.0","0.0","0.0","0.0","0.0","0.0","0.0","0.0","0.0","0.0","0.0","0.0","0.0","0.0","0.0","0.0","0.0","4.0","1.0","0.0","0.0","0.0","0.0","1.0","0.0","0.0","0.0","5.0","0.0","0.0","0.0","0.0","0.0","1.0","0.0","2.0","1.0","0.0","0.0","1.0","0.0","1.0","0.0","0.0","0.0","0.0","0.0","0.0","0.0","1.0","0.0","4.0","7.0","1.0","0.0"
"18.0","Vols à main armée contre des particuliers à leur domicile","674.0","3.0","8.0","1.0","1.0","0.0","23.0","2.0","2.0","0.0","1.0","2.0","1.0","78.0","1.0","1.0","3.0","5.0","0.0","0.0","0.0","3.0","0.0","9.0","2.0","5.0","1.0","1.0","3.0","10.0","10.0","19.0","14.0","1.0","6.0","19.0","1.0","3.0","2.0","18.0","2.0","1.0","2.0","9.0","1.0","9.0","3.0","2.0","2.0","1.0","6.0","2.0","5.0","0.0","1.0","7.0","0.0","0.0","10.0","0.0","40.0","7.0","0.0","14.0","5.0","2.0","1.0","9.0","4.0","2.0","24.0","3.0","2.0","2.0","2.0","4.0","53.0","3.0","11.0","9.0","0.0","3.0","4.0","0.0","15.0","20.0","4.0","1.0","2.0","2.0","4.0","5.0","11.0","9.0","25.0","34.0","16.0","0.0"
"19.0","Autres vols à main armée","1513.0","9.0","8.0","0.0","3.0","1.0","22.0","3.0","2.0","0.0","2.0","6.0","0.0","222.0","7.0","0.0","0.0","5.0","1.0","1.0","2.0","2.0","0.0","7.0","12.0","16.0","9.0","2.0","4.0","6.0","5.0","47.0","35.0","0.0","13.0","37.0","5.0","2.0","3.0","30.0","4.0","1.0","5.0","12.0","0.0","22.0","19.0","3.0","2.0","0.0","6.0","1.0","9.0","0.0","0.0","16.0","0.0","3.0","16.0","4.0","61.0","33.0","0.0","8.0","3.0","3.0","3.0","14.0","15.0","16.0","53.0","1.0","3.0","3.0","5.0","12.0","97.0","12.0","56.0","29.0","1.0","8.0","2.0","6.0","42.0","33.0","2.0","1.0","3.0","5.0","8.0","7.0","38.0","40.0","120.0","48.0","68.0","2.0"
"20.0","Vols avec armes blanches contre des établissements financiers, commerciaux ou industriels","1210.0","2.0","10.0","0.0","2.0","2.0","21.0","9.0","1.0","0.0","4.0","5.0","0.0","56.0","7.0","1.0","4.0","7.0","11.0","0.0","8.0","3.0","0.0","1.0","10.0","6.0","4.0","8.0","9.0","0.0","1.0","6.0","62.0","1.0","11.0","15.0","18.0","3.0","5.0","29.0","4.0","3.0","7.0","14.0","1.0","16.0","11.0","0.0","4.0","0.0","2.0","2.0","4.0","1.0","1.0","52.0","0.0","5.0","24.0","3.0","50.0","8.0","1.0","17.0","5.0","3.0","0.0","4.0","29.0","14.0","55.0","5.0","4.0","3.0","2.0","12.0","70.0","24.0","47.0","32.0","5.0","4.0","2.0","1.0","21.0","10.0","5.0","2.0","5.0","9.0","2.0","4.0","36.0","31.0","79.0","43.0","70.0","0.0"
"21.0","Vols avec armes blanches contre des particuliers à leur domicile","700.0","4.0","3.0","0.0","2.0","1.0","36.0","1.0","1.0","1.0","2.0","4.0","1.0","48.0","6.0","0.0","2.0","4.0","3.0","1.0","9.0","1.0","1.0","0.0","1.0","7.0","6.0","2.0","6.0","1.0","1.0","15.0","22.0","2.0","15.0","15.0","4.0","0.0","3.0","16.0","2.0","0.0","5.0","8.0","0.0","18.0","2.0","0.0","1.0","0.0","4.0","0.0","9.0","1.0","2.0","12.0","0.0","2.0","5.0","0.0","39.0","9.0","3.0","14.0","3.0","2.0","1.0","11.0","7.0","5.0","16.0","2.0","2.0","8.0","1.0","8.0","70.0","12.0","18.0","11.0","4.0","4.0","1.0","4.0","16.0","8.0","5.0","3.0","5.0","1.0","1.0","1.0","8.0","13.0","25.0","28.0","13.0","0.0"
"22.0","Autres vols avec armes blanches","7603.0","18.0","21.0","5.0","7.0","2.0","197.0","8.0","8.0","7.0","12.0","16.0","4.0","776.0","37.0","0.0","8.0","19.0","14.0","3.0","27.0","15.0","0.0","3.0","14.0","39.0","17.0","24.0","21.0","1.0","4.0","201.0","258.0","2.0","78.0","137.0","35.0","3.0","17.0","142.0","5.0","4.0","8.0","62.0","1.0","91.0","31.0","0.0","4.0","0.0","10.0","5.0","46.0","5.0","2.0","66.0","8.0","10.0","73.0","2.0","295.0","72.0","4.0","63.0","22.0","13.0","6.0","45.0","90.0","36.0","233.0","5.0","13.0","20.0","11.0","44.0","1257.0","94.0","260.0","218.0","12.0","62.0","9.0","10.0","58.0","37.0","12.0","11.0","26.0","5.0","19.0","7.0","294.0","294.0","385.0","350.0","578.0","0.0"
"23.0","Vols violents sans arme contre des établissements financiers, commerciaux ou industriels","923.0","7.0","9.0","1.0","0.0","1.0","24.0","3.0","2.0","0.0","1.0","2.0","1.0","41.0","3.0","0.0","3.0","5.0","4.0","2.0","4.0","13.0","1.0","4.0","11.0","9.0","1.0","7.0","8.0","3.0","0.0","11.0","22.0","1.0","23.0","15.0","6.0","3.0","6.0","15.0","1.0","2.0","5.0","9.0","2.0","14.0","7.0","0.0","1.0","0.0","1.0","3.0","10.0","1.0","1.0","9.0","1.0","1.0","18.0","2.0","46.0","10.0","1.0","14.0","11.0","3.0","5.0","6.0","11.0","14.0","26.0","3.0","3.0","4.0","5.0","7.0","51.0","37.0","14.0","20.0","2.0","9.0","1.0","1.0","6.0","10.0","8.0","3.0","4.0","3.0","1.0","2.0","25.0","36.0","88.0","31.0","42.0","0.0"
"24.0","Vols violents sans arme contre des particuliers à leur domicile","1474.0","9.0","19.0","6.0","2.0","3.0","47.0","2.0","7.0","4.0","8.0","11.0","7.0","71.0","9.0","1.0","5.0","15.0","9.0","5.0","16.0","7.0","3.0","14.0","5.0","7.0","9.0","10.0","17.0","0.0","1.0","38.0","30.0","4.0","32.0","51.0","26.0","4.0","12.0","13.0","5.0","6.0","8.0","5.0","2.0","29.0","14.0","3.0","6.0","1.0","14.0","9.0","11.0","5.0","8.0","17.0","4.0","11.0","16.0","4.0","71.0","17.0","10.0","39.0","17.0","19.0","8.0","21.0","18.0","7.0","25.0","10.0","5.0","13.0","5.0","19.0","109.0","37.0","18.0","22.0","9.0","18.0","9.0","5.0","22.0","16.0","5.0","5.0","8.0","11.0","9.0","3.0","28.0","29.0","36.0","17.0","37.0","0.0"
"25.0","Vols violents sans arme contre des femmes sur voie publique ou autre lieu public","50046.0","43.0","91.0","39.0","22.0","12.0","2352.0","43.0","32.0","14.0","80.0","139.0","15.0","6224.0","193.0","15.0","27.0","86.0","23.0","26.0","165.0","49.0","2.0","25.0","70.0","223.0","129.0","154.0","148.0","29.0","18.0","696.0","1117.0","15.0","704.0","998.0","226.0","32.0","136.0","310.0","20.0","31.0","54.0","256.0","15.0","175.0","271.0","13.0","57.0","0.0","104.0","20.0","245.0","32.0","23.0","288.0","24.0","48.0","258.0","28.0","2118.0","347.0","29.0","387.0","163.0","169.0","53.0","321.0","407.0","194.0","1488.0","29.0","64.0","48.0","113.0","196.0","8510.0","863.0","1420.0","1200.0","18.0","200.0","85.0","42.0","531.0","327.0","36.0","33.0","42.0","50.0","54.0","44.0","1007.0","2115.0","7075.0","2079.0","1505.0","0.0"
"26.0","Vols violents sans arme contre d'autres victimes","52884.0","80.0","139.0","45.0","22.0","20.0","1823.0","39.0","64.0","20.0","125.0","155.0","30.0","4211.0","248.0","18.0","50.0","139.0","43.0","28.0","183.0","94.0","2.0","51.0","106.0","240.0","229.0","207.0","264.0","28.0","12.0","574.0","1351.0","20.0","930.0","1069.0","357.0","41.0","183.0","431.0","25.0","49.0","100.0","398.0","25.0","429.0","448.0","25.0","78.0","4.0","178.0","57.0","346.0","40.0","57.0","349.0","19.0","119.0","399.0","36.0","2944.0","516.0","41.0","501.0","225.0","194.0","54.0","286.0","475.0","291.0","1512.0","21.0","97.0","124.0","153.0","224.0","8053.0","1226.0","1878.0","1715.0","37.0","272.0","87.0","47.0","589.0","286.0","49.0","76.0","70.0","74.0","84.0","79.0","1477.0","2266.0","5684.0","2351.0","1974.0","0.0"
"27.0","Cambriolages de locaux d'habitations principales","172497.0","1427.0","1027.0","567.0","280.0","122.0","4626.0","517.0","474.0","208.0","609.0","1161.0","257.0","12194.0","1029.0","53.0","720.0","1733.0","582.0","271.0","810.0","594.0","53.0","766.0","938.0","1771.0","1517.0","1257.0","789.0","164.0","206.0","4136.0","5381.0","266.0","4477.0","5317.0","1497.0","264.0","1345.0","4362.0","372.0","815.0","651.0","1821.0","288.0","3187.0","1979.0","224.0","720.0","44.0","1038.0","295.0","1594.0","379.0","305.0","1951.0","315.0","1038.0","1799.0","335.0","9246.0","2337.0","421.0","2961.0","882.0","1366.0","405.0","1926.0","1749.0","1622.0","5537.0","383.0","1007.0","647.0","900.0","1991.0","7299.0","2856.0","4920.0","4342.0","433.0","925.0","866.0","521.0","3008.0","3355.0","699.0","682.0","578.0","840.0","698.0","352.0","4479.0","3349.0","6396.0","4813.0","4789.0","0.0"
"28.0","Cambriolages de résidences secondaires","14027.0","153.0","131.0","59.0","88.0","39.0","812.0","118.0","42.0","50.0","94.0","226.0","57.0","291.0","228.0","19.0","97.0","361.0","142.0","70.0","82.0","223.0","34.0","213.0","37.0","151.0","193.0","116.0","241.0","130.0","74.0","396.0","168.0","58.0","452.0","489.0","104.0","80.0","102.0","211.0","50.0","203.0","150.0","80.0","73.0","262.0","244.0","73.0","97.0","28.0","99.0","82.0","70.0","45.0","41.0","56.0","35.0","252.0","63.0","125.0","149.0","155.0","118.0","217.0","69.0","105.0","41.0","247.0","45.0","48.0","97.0","73.0","138.0","147.0","97.0","262.0","101.0","99.0","264.0","76.0","66.0","146.0","96.0","128.0","943.0","224.0","317.0","91.0","80.0","113.0","279.0","12.0","86.0","28.0","33.0","28.0","50.0","0.0"
"29.0","Cambriolages de  locaux industriels, commerciaux ou financiers","71389.0","1011.0","573.0","282.0","262.0","163.0","1439.0","340.0","235.0","195.0","381.0","494.0","306.0","3196.0","561.0","148.0","495.0","1175.0","316.0","302.0","695.0","527.0","70.0","483.0","551.0","922.0","560.0","482.0","899.0","106.0","177.0","967.0","1868.0","233.0","1755.0","1525.0","880.0","194.0","657.0","2497.0","372.0","397.0","468.0","1155.0","243.0","1828.0","786.0","187.0","428.0","66.0","715.0","371.0","659.0","173.0","258.0","839.0","128.0","1176.0","1010.0","212.0","2315.0","865.0","365.0","1110.0","809.0","705.0","239.0","670.0","761.0","659.0","2735.0","368.0","627.0","495.0","737.0","1244.0","3327.0","1117.0","1144.0","861.0","341.0","579.0","432.0","425.0","1194.0","848.0","731.0","349.0","376.0","472.0","515.0","105.0","763.0","813.0","1139.0","922.0","839.0","0.0"
"30.0","Cambriolages d'autres lieux","58171.0","399.0","526.0","203.0","140.0","87.0","1494.0","160.0","268.0","84.0","339.0","386.0","146.0","2838.0","595.0","59.0","367.0","855.0","353.0","106.0","482.0","399.0","37.0","337.0","494.0","539.0","530.0","391.0","738.0","76.0","90.0","754.0","1040.0","126.0","1232.0","1177.0","894.0","233.0","643.0","1871.0","161.0","223.0","325.0","770.0","138.0","1455.0","542.0","91.0","232.0","51.0","712.0","235.0","754.0","162.0","185.0","853.0","134.0","585.0","844.0","246.0","3536.0","732.0","294.0","1459.0","582.0","400.0","194.0","376.0","1211.0","742.0","2664.0","164.0","328.0","397.0","507.0","629.0","1598.0","1198.0","1092.0","731.0","310.0","588.0","298.0","249.0","772.0","534.0","418.0","351.0","332.0","335.0","335.0","151.0","846.0","822.0","986.0","983.0","841.0","0.0"
"31.0","Vols avec entrée par ruse en tous lieux","7870.0","62.0","53.0","31.0","36.0","13.0","338.0","20.0","25.0","17.0","25.0","64.0","28.0","363.0","75.0","6.0","36.0","60.0","27.0","31.0","61.0","57.0","15.0","67.0","38.0","66.0","74.0","31.0","89.0","3.0","23.0","122.0","185.0","12.0","131.0","251.0","86.0","32.0","79.0","92.0","38.0","49.0","26.0","87.0","13.0","129.0","56.0","10.0","32.0","7.0","64.0","29.0","40.0","12.0","33.0","54.0","8.0","80.0","68.0","23.0","378.0","70.0","29.0","172.0","53.0","85.0","30.0","62.0","58.0","40.0","170.0","20.0","65.0","40.0","58.0","97.0","528.0","137.0","108.0","189.0","29.0","70.0","31.0","20.0","96.0","86.0","75.0","43.0","21.0","24.0","36.0","27.0","172.0","370.0","226.0","303.0","170.0","0.0"
"32.0","Vols à la tire","89239.0","478.0","283.0","70.0","131.0","108.0","4785.0","130.0","71.0","106.0","135.0","357.0","70.0","6143.0","507.0","27.0","230.0","319.0","192.0","74.0","485.0","211.0","7.0","206.0","403.0","235.0","272.0","181.0","390.0","41.0","78.0","770.0","2643.0","49.0","2395.0","2223.0","716.0","100.0","368.0","1359.0","109.0","124.0","217.0","449.0","107.0","2495.0","614.0","50.0","227.0","22.0","267.0","96.0","415.0","47.0","76.0","559.0","51.0","364.0","827.0","53.0","4017.0","638.0","72.0","709.0","437.0","540.0","163.0","595.0","1190.0","255.0","4648.0","44.0","215.0","337.0","277.0","647.0","15388.0","1035.0","2368.0","1473.0","131.0","249.0","149.0","136.0","1484.0","478.0","308.0","273.0","369.0","60.0","221.0","64.0","1751.0","2653.0","4311.0","2972.0","4065.0","0.0"
"33.0","Vols à l'étalage","70764.0","407.0","447.0","366.0","161.0","93.0","941.0","303.0","203.0","74.0","479.0","371.0","211.0","1811.0","1305.0","85.0","254.0","425.0","316.0","237.0","781.0","454.0","84.0","413.0","722.0","392.0","498.0","279.0","748.0","36.0","54.0","497.0","1120.0","130.0","2273.0","1331.0","796.0","150.0","627.0","1074.0","221.0","215.0","235.0","925.0","228.0","2189.0","528.0","136.0","275.0","48.0","655.0","419.0","477.0","147.0","228.0","584.0","162.0","502.0","1046.0","181.0","2256.0","638.0","233.0","1306.0","571.0","539.0","188.0","367.0","1049.0","827.0","2886.0","171.0","674.0","527.0","416.0","655.0","5309.0","1181.0","2520.0","2851.0","255.0","440.0","263.0","175.0","980.0","564.0","347.0","658.0","484.0","257.0","320.0","186.0","1546.0","2225.0","2496.0","2537.0","1518.0","0.0"
"34.0","Vols de véhicules de transport avec fret","290.0","6.0","3.0","0.0","0.0","0.0","1.0","1.0","1.0","0.0","3.0","3.0","0.0","13.0","0.0","0.0","1.0","0.0","1.0","0.0","1.0","2.0","0.0","5.0","2.0","5.0","4.0","7.0","2.0","0.0","0.0","1.0","3.0","1.0","6.0","12.0","2.0","1.0","5.0","2.0","1.0","0.0","2.0","0.0","0.0","7.0","5.0","0.0","0.0","0.0","3.0","1.0","0.0","3.0","0.0","1.0","2.0","1.0","6.0","1.0","8.0","8.0","0.0","6.0","1.0","1.0","0.0","2.0","5.0","1.0","9.0","1.0","5.0","0.0","0.0","2.0","13.0","9.0","15.0","4.0","0.0","3.0","0.0","0.0","6.0","2.0","0.0","0.0","1.0","3.0","8.0","0.0","10.0","4.0","26.0","2.0","8.0","0.0"
"35.0","Vols d'automobiles","121251.0","942.0","937.0","232.0","311.0","110.0","2438.0","594.0","310.0","150.0","434.0","995.0","151.0","8641.0","692.0","59.0","364.0","1338.0","331.0","159.0","753.0","462.0","80.0","327.0","583.0","1490.0","1135.0","860.0","794.0","223.0","309.0","2920.0","3072.0","163.0","3032.0","3390.0","941.0","337.0","921.0","3444.0","243.0","380.0","771.0","1356.0","165.0","2480.0","1285.0","122.0","274.0","41.0","780.0","272.0","1342.0","222.0","195.0","1185.0","160.0","655.0","1202.0","223.0","6031.0","2876.0","269.0","1776.0","945.0","564.0","179.0","1520.0","922.0","616.0","4400.0","213.0","506.0","490.0","670.0","1034.0","2564.0","2168.0","3887.0","3572.0","310.0","814.0","300.0","353.0","2220.0","2341.0","556.0","468.0","323.0","341.0","821.0","177.0","3464.0","1985.0","5331.0","3133.0","5335.0","0.0"
"36.0","Vols de véhicules motorisés à 2 roues","73655.0","328.0","400.0","237.0","126.0","74.0","5006.0","251.0","185.0","72.0","289.0","413.0","162.0","4893.0","554.0","38.0","273.0","982.0","248.0","145.0","545.0","495.0","30.0","303.0","427.0","566.0","437.0","319.0","731.0","265.0","216.0","825.0","1323.0","76.0","1730.0","2004.0","711.0","144.0","515.0","1095.0","113.0","311.0","235.0","595.0","118.0","1888.0","588.0","115.0","203.0","9.0","684.0","272.0","777.0","124.0","158.0","655.0","79.0","580.0","597.0","158.0","2632.0","749.0","183.0","1158.0","526.0","839.0","182.0","519.0","838.0","516.0","1482.0","137.0","378.0","497.0","385.0","742.0","5895.0","1363.0","1178.0","1459.0","388.0","558.0","351.0","177.0","2425.0","728.0","506.0","371.0","293.0","225.0","256.0","135.0","1210.0","2870.0","2262.0","2293.0","1257.0","0.0"
"37.0","Vols à la roulotte","271430.0","1499.0","1035.0","528.0","679.0","290.0","7071.0","848.0","487.0","340.0","794.0","2359.0","361.0","18294.0","1630.0","118.0","929.0","2603.0","529.0","386.0","1425.0","1334.0","62.0","730.0","1386.0","2413.0","1491.0","1215.0","2189.0","354.0","461.0","5701.0","11321.0","381.0","6992.0","9562.0","3096.0","374.0","1725.0","6810.0","548.0","1199.0","1272.0","2072.0","346.0","6727.0","2698.0","245.0","756.0","140.0","1909.0","638.0","2022.0","463.0","415.0","2313.0","293.0","1656.0","2993.0","313.0","15999.0","3005.0","502.0","3559.0","1764.0","2140.0","679.0","2818.0","2771.0","1980.0","7762.0","433.0","1033.0","1287.0","1230.0","2195.0","12273.0","5422.0","6179.0","6105.0","799.0","1120.0","1002.0","745.0","5517.0","3563.0","1640.0","1045.0","1418.0","684.0","746.0","309.0","4993.0","7771.0","16300.0","8449.0","7373.0","0.0"
"38.0","Vols d'accessoires sur véhicules à moteur immatriculés","127511.0","747.0","778.0","276.0","188.0","108.0","2678.0","430.0","257.0","119.0","428.0","766.0","201.0","8458.0","1270.0","81.0","496.0","1458.0","521.0","209.0","732.0","504.0","52.0","343.0","709.0","1024.0","911.0","800.0","882.0","208.0","189.0","2579.0","3303.0","106.0","3561.0","2432.0","1228.0","314.0","1159.0","3492.0","249.0","390.0","636.0","1681.0","161.0","4057.0","1247.0","150.0","310.0","60.0","964.0","434.0","872.0","310.0","312.0","1519.0","212.0","941.0","1458.0","249.0","5816.0","2208.0","348.0","2220.0","979.0","838.0","296.0","1440.0","1419.0","1050.0","5304.0","223.0","638.0","775.0","644.0","961.0","2596.0","3141.0","4187.0","4352.0","408.0","921.0","507.0","350.0","1803.0","1147.0","670.0","702.0","649.0","335.0","461.0","158.0","3814.0","2913.0","4601.0","4258.0","4170.0","0.0"
"39.0","Vols simples sur chantier","17693.0","188.0","161.0","75.0","39.0","38.0","293.0","79.0","87.0","40.0","97.0","103.0","45.0","687.0","195.0","17.0","74.0","224.0","74.0","58.0","137.0","146.0","30.0","165.0","134.0","169.0","183.0","138.0","247.0","48.0","50.0","293.0","467.0","30.0","518.0","510.0","353.0","45.0","153.0","367.0","57.0","171.0","97.0","184.0","50.0","487.0","181.0","51.0","61.0","23.0","190.0","108.0","290.0","73.0","39.0","305.0","60.0","227.0","273.0","51.0","848.0","306.0","82.0","469.0","180.0","180.0","61.0","197.0","300.0","188.0","412.0","63.0","98.0","141.0","106.0","175.0","185.0","326.0","424.0","248.0","73.0","134.0","75.0","74.0","315.0","211.0","223.0","143.0","92.0","93.0","104.0","48.0","247.0","232.0","320.0","251.0","334.0","0.0"
"40.0","Vols simples sur exploitations agricoles","7618.0","48.0","132.0","58.0","42.0","14.0","11.0","52.0","126.0","33.0","219.0","82.0","46.0","117.0","96.0","56.0","107.0","205.0","122.0","56.0","61.0","87.0","54.0","91.0","34.0","96.0","82.0","76.0","76.0","11.0","19.0","182.0","89.0","43.0","230.0","194.0","103.0","77.0","94.0","122.0","47.0","76.0","113.0","59.0","51.0","183.0","125.0","34.0","57.0","13.0","103.0","100.0","260.0","51.0","25.0","84.0","65.0","74.0","65.0","56.0","77.0","119.0","113.0","114.0","173.0","66.0","81.0","150.0","133.0","85.0","36.0","37.0","49.0","64.0","33.0","35.0","0.0","97.0","66.0","30.0","119.0","142.0","43.0","82.0","49.0","75.0","84.0","80.0","81.0","57.0","97.0","7.0","34.0","1.0","1.0","1.0","23.0","0.0"
"41.0","Autres vols simples contre des établissements publics ou privés","76028.0","621.0","677.0","299.0","182.0","148.0","1321.0","315.0","280.0","174.0","352.0","445.0","160.0","2599.0","822.0","110.0","517.0","936.0","424.0","310.0","720.0","633.0","50.0","402.0","509.0","544.0","693.0","436.0","915.0","94.0","125.0","1003.0","2421.0","205.0","2228.0","1185.0","1221.0","249.0","788.0","1471.0","216.0","409.0","472.0","891.0","177.0","1749.0","840.0","154.0","347.0","86.0","700.0","446.0","795.0","238.0","305.0","988.0","277.0","754.0","1030.0","265.0","3322.0","960.0","214.0","1532.0","672.0","727.0","276.0","599.0","1291.0","784.0","2918.0","234.0","608.0","704.0","562.0","884.0","4263.0","1403.0","1693.0","1220.0","376.0","851.0","326.0","452.0","979.0","830.0","615.0","562.0","453.0","406.0","448.0","168.0","1145.0","1673.0","1628.0","1218.0","1309.0","0.0"
"42.0","Autres vols simples contre des particuliers dans  des locaux privés","193078.0","1307.0","1609.0","712.0","483.0","382.0","4418.0","901.0","613.0","404.0","797.0","1322.0","561.0","7397.0","2235.0","151.0","1014.0","2932.0","829.0","570.0","1461.0","1739.0","132.0","1368.0","1531.0","1745.0","2191.0","1071.0","2264.0","305.0","325.0","3231.0","4114.0","387.0","6603.0","5487.0","3233.0","599.0","1395.0","3881.0","618.0","1278.0","1066.0","1498.0","378.0","4688.0","1826.0","351.0","1004.0","130.0","2104.0","1125.0","2113.0","532.0","616.0","1806.0","455.0","2294.0","2276.0","597.0","8850.0","2292.0","654.0","3954.0","1769.0","1511.0","710.0","2367.0","2644.0","1891.0","4921.0","663.0","1127.0","1435.0","2443.0","2886.0","6855.0","3770.0","3413.0","3823.0","921.0","1817.0","961.0","701.0","3466.0","2698.0","1907.0","1440.0","611.0","1063.0","993.0","471.0","2716.0","5550.0","4705.0","3573.0","3052.0","1.0"
"43.0","Autres vols simples contre des particuliers dans des locaux ou lieux publics","310444.0","1686.0","1444.0","863.0","524.0","452.0","10545.0","696.0","593.0","462.0","992.0","1786.0","459.0","13331.0","2313.0","337.0","1259.0","3350.0","825.0","547.0","1716.0","1757.0","111.0","877.0","1747.0","1768.0","1617.0","1135.0","3490.0","473.0","805.0","3279.0","9457.0","410.0","9205.0","7348.0","4119.0","428.0","2870.0","6031.0","660.0","1634.0","750.0","2709.0","452.0","6079.0","2342.0","374.0","1074.0","170.0","2265.0","1168.0","2770.0","455.0","885.0","2688.0","381.0","2690.0","2946.0","490.0","10058.0","2418.0","641.0","5154.0","1971.0","2777.0","693.0","2703.0","4555.0","2691.0","11092.0","461.0","1362.0","1641.0","4114.0","3961.0","44182.0","3847.0","5028.0","7461.0","851.0","2209.0","939.0","903.0","6683.0","2666.0","1956.0","1294.0","1213.0","1041.0","848.0","384.0","5485.0","11024.0","8734.0","7143.0","6172.0","0.0"
"44.0","Recels","36761.0","238.0","217.0","131.0","49.0","35.0","1290.0","81.0","90.0","28.0","214.0","203.0","51.0","2013.0","264.0","36.0","372.0","319.0","101.0","67.0","285.0","156.0","23.0","151.0","267.0","253.0","244.0","132.0","265.0","43.0","67.0","368.0","616.0","99.0","671.0","882.0","370.0","44.0","239.0","708.0","81.0","158.0","96.0","370.0","47.0","782.0","251.0","31.0","234.0","9.0","295.0","181.0","357.0","113.0","74.0","441.0","164.0","203.0","341.0","77.0","1465.0","478.0","88.0","656.0","171.0","247.0","64.0","363.0","436.0","340.0","1411.0","112.0","208.0","176.0","243.0","325.0","3736.0","619.0","698.0","715.0","120.0","238.0","132.0","128.0","696.0","398.0","161.0","127.0","105.0","108.0","304.0","101.0","734.0","878.0","2095.0","1080.0","810.0","8.0"
"45.0","Proxénétisme","431.0","1.0","3.0","0.0","0.0","0.0","21.0","0.0","1.0","0.0","3.0","3.0","1.0","23.0","3.0","0.0","0.0","2.0","1.0","1.0","1.0","0.0","0.0","2.0","2.0","2.0","4.0","2.0","2.0","0.0","0.0","1.0","23.0","0.0","23.0","19.0","5.0","1.0","0.0","8.0","1.0","0.0","0.0","3.0","1.0","9.0","2.0","0.0","0.0","0.0","0.0","2.0","1.0","0.0","1.0","4.0","0.0","1.0","2.0","1.0","25.0","3.0","0.0","3.0","5.0","0.0","0.0","4.0","11.0","3.0","36.0","0.0","4.0","1.0","2.0","3.0","80.0","2.0","2.0","0.0","2.0","1.0","1.0","0.0","6.0","6.0","0.0","2.0","6.0","0.0","2.0","0.0","7.0","6.0","6.0","8.0","4.0","4.0"
"46.0","Viols sur des majeur(e)s","4720.0","25.0","46.0","28.0","10.0","6.0","111.0","17.0","7.0","10.0","26.0","27.0","9.0","173.0","29.0","6.0","35.0","50.0","19.0","15.0","35.0","29.0","6.0","26.0","22.0","34.0","40.0","36.0","55.0","10.0","7.0","44.0","114.0","8.0","102.0","78.0","56.0","18.0","36.0","98.0","14.0","21.0","19.0","54.0","7.0","95.0","46.0","6.0","17.0","7.0","36.0","30.0","46.0","16.0","28.0","36.0","11.0","45.0","53.0","20.0","219.0","57.0","16.0","102.0","33.0","34.0","14.0","42.0","63.0","41.0","127.0","7.0","16.0","37.0","21.0","31.0","390.0","90.0","92.0","107.0","19.0","52.0","21.0","14.0","70.0","33.0","28.0","36.0","12.0","17.0","24.0","6.0","100.0","145.0","251.0","108.0","135.0","0.0"
"47.0","Viols sur des mineur(e)s","5388.0","41.0","54.0","23.0","17.0","11.0","61.0","30.0","19.0","18.0","29.0","27.0","8.0","214.0","69.0","7.0","55.0","65.0","28.0","17.0","33.0","45.0","8.0","42.0","48.0","60.0","74.0","36.0","68.0","14.0","5.0","53.0","80.0","13.0","110.0","104.0","74.0","18.0","43.0","97.0","22.0","28.0","27.0","59.0","17.0","123.0","73.0","12.0","34.0","6.0","70.0","42.0","42.0","16.0","24.0","36.0","17.0","45.0","79.0","25.0","260.0","85.0","38.0","170.0","37.0","46.0","23.0","35.0","101.0","39.0","148.0","19.0","42.0","41.0","30.0","57.0","151.0","131.0","136.0","86.0","32.0","79.0","32.0","29.0","78.0","43.0","49.0","33.0","28.0","31.0","41.0","8.0","119.0","112.0","127.0","111.0","146.0","0.0"
"48.0","Harcèlements sexuels et autres agressions sexuelles contre des majeur(e)s","4735.0","15.0","29.0","24.0","5.0","4.0","92.0","17.0","17.0","6.0","28.0","23.0","9.0","160.0","47.0","5.0","22.0","29.0","7.0","10.0","29.0","20.0","10.0","19.0","30.0","35.0","38.0","64.0","66.0","3.0","8.0","24.0","128.0","8.0","95.0","61.0","111.0","10.0","38.0","56.0","7.0","14.0","29.0","35.0","10.0","112.0","66.0","8.0","14.0","4.0","59.0","37.0","63.0","12.0","16.0","53.0","19.0","37.0","64.0","10.0","240.0","32.0","21.0","75.0","34.0","25.0","16.0","30.0","97.0","51.0","155.0","11.0","27.0","49.0","31.0","35.0","502.0","81.0","97.0","90.0","25.0","46.0","21.0","12.0","57.0","38.0","29.0","33.0","26.0","28.0","14.0","8.0","110.0","141.0","170.0","108.0","99.0","0.0"
"49.0","Harcèlements sexuels et autres agressions sexuelles contre des mineur(e)s","8120.0","66.0","89.0","65.0","8.0","13.0","113.0","33.0","30.0","19.0","59.0","37.0","18.0","284.0","95.0","15.0","66.0","91.0","37.0","28.0","56.0","56.0","15.0","47.0","66.0","50.0","88.0","71.0","99.0","12.0","7.0","77.0","103.0","19.0","162.0","103.0","149.0","29.0","61.0","116.0","32.0","29.0","55.0","91.0","15.0","169.0","101.0","19.0","36.0","4.0","125.0","75.0","84.0","38.0","42.0","91.0","25.0","71.0","115.0","35.0","573.0","64.0","56.0","390.0","60.0","57.0","42.0","51.0","169.0","64.0","227.0","19.0","59.0","80.0","31.0","72.0","240.0","219.0","184.0","154.0","59.0","83.0","49.0","47.0","90.0","59.0","41.0","54.0","60.0","38.0","61.0","22.0","175.0","175.0","134.0","218.0","140.0","0.0"
"50.0","Atteintes sexuelles","14172.0","109.0","110.0","55.0","26.0","31.0","337.0","55.0","48.0","43.0","47.0","116.0","40.0","393.0","164.0","11.0","67.0","122.0","43.0","55.0","91.0","93.0","15.0","47.0","71.0","104.0","118.0","66.0","177.0","21.0","16.0","142.0","209.0","27.0","704.0","285.0","163.0","36.0","80.0","213.0","50.0","58.0","57.0","104.0","19.0","345.0","118.0","22.0","55.0","9.0","116.0","82.0","94.0","41.0","49.0","115.0","34.0","102.0","145.0","33.0","698.0","199.0","72.0","426.0","93.0","80.0","35.0","90.0","211.0","156.0","407.0","47.0","85.0","95.0","64.0","110.0","2064.0","308.0","232.0","268.0","94.0","150.0","51.0","40.0","238.0","124.0","126.0","72.0","79.0","61.0","74.0","28.0","213.0","221.0","292.0","177.0","194.0","0.0"
"51.0","Homicides commis contre enfants de moins de 15 ans","46.0","1.0","1.0","1.0","0.0","0.0","0.0","0.0","0.0","0.0","1.0","0.0","0.0","0.0","0.0","0.0","1.0","0.0","0.0","2.0","0.0","0.0","0.0","0.0","0.0","0.0","0.0","1.0","0.0","0.0","0.0","1.0","1.0","0.0","2.0","1.0","2.0","0.0","0.0","2.0","0.0","0.0","1.0","0.0","0.0","0.0","1.0","1.0","0.0","0.0","3.0","0.0","0.0","0.0","2.0","0.0","0.0","0.0","0.0","0.0","4.0","0.0","0.0","0.0","0.0","0.0","0.0","0.0","1.0","1.0","2.0","0.0","0.0","0.0","0.0","2.0","0.0","1.0","0.0","0.0","0.0","0.0","0.0","0.0","1.0","0.0","6.0","0.0","0.0","0.0","0.0","0.0","0.0","0.0","0.0","1.0","2.0","0.0"
"52.0","Violences, mauvais traitements et abandons d'enfants.","17024.0","88.0","177.0","76.0","19.0","51.0","366.0","32.0","27.0","21.0","167.0","35.0","25.0","582.0","243.0","8.0","74.0","108.0","68.0","43.0","88.0","76.0","7.0","50.0","221.0","138.0","81.0","208.0","160.0","11.0","17.0","115.0","368.0","30.0","385.0","147.0","139.0","77.0","165.0","315.0","39.0","41.0","59.0","160.0","20.0","366.0","217.0","26.0","45.0","8.0","169.0","108.0","325.0","38.0","48.0","214.0","41.0","125.0","306.0","24.0","1159.0","171.0","58.0","452.0","67.0","77.0","49.0","106.0","426.0","256.0","725.0","30.0","85.0","273.0","49.0","93.0","384.0","320.0","548.0","479.0","99.0","281.0","51.0","71.0","388.0","166.0","77.0","84.0","96.0","110.0","168.0","50.0","351.0","384.0","671.0","411.0","372.0","0.0"
"53.0","Délits au sujet de la garde des mineurs","26951.0","265.0","237.0","202.0","67.0","41.0","478.0","222.0","163.0","79.0","221.0","202.0","65.0","713.0","310.0","37.0","171.0","362.0","102.0","74.0","194.0","279.0","16.0","197.0","283.0","305.0","313.0","89.0","448.0","38.0","78.0","449.0","473.0","57.0","632.0","767.0","539.0","73.0","199.0","518.0","121.0","166.0","128.0","242.0","64.0","576.0","352.0","99.0","210.0","18.0","272.0","187.0","292.0","81.0","92.0","185.0","93.0","334.0","532.0","93.0","984.0","518.0","158.0","654.0","389.0","174.0","130.0","248.0","497.0","395.0","835.0","127.0","194.0","232.0","192.0","307.0","833.0","528.0","350.0","413.0","198.0","429.0","160.0","106.0","476.0","354.0","241.0","159.0","92.0","221.0","183.0","66.0","421.0","394.0","360.0","291.0","547.0","0.0"
"54.0","Non versement de pension alimentaire","14282.0","165.0","125.0","77.0","70.0","32.0","403.0","89.0","79.0","54.0","69.0","128.0","43.0","515.0","95.0","22.0","67.0","175.0","34.0","43.0","133.0","127.0","20.0","112.0","169.0","127.0","166.0","39.0","185.0","23.0","51.0","232.0","286.0","47.0","270.0","380.0","136.0","16.0","86.0","252.0","63.0","71.0","49.0","137.0","19.0","251.0","172.0","47.0","168.0","14.0","98.0","95.0","140.0","47.0","47.0","172.0","50.0","162.0","501.0","37.0","530.0","250.0","49.0","230.0","138.0","127.0","47.0","146.0","246.0","225.0","566.0","71.0","127.0","30.0","91.0","299.0","353.0","231.0","261.0","244.0","73.0","166.0","73.0","62.0","429.0","211.0","115.0","48.0","51.0","120.0","70.0","24.0","204.0","225.0","222.0","166.0","280.0","0.0"
"55.0","Trafic et revente sans usage de stupéfiants","5869.0","18.0","34.0","23.0","3.0","7.0","105.0","15.0","19.0","6.0","15.0","17.0","15.0","359.0","38.0","5.0","12.0","24.0","8.0","4.0","32.0","26.0","0.0","20.0","41.0","37.0","23.0","31.0","58.0","12.0","12.0","41.0","56.0","2.0","81.0","87.0","45.0","9.0","28.0","87.0","10.0","15.0","10.0","27.0","20.0","45.0","60.0","1.0","10.0","3.0","29.0","18.0","29.0","12.0","7.0","48.0","14.0","42.0","103.0","15.0","267.0","53.0","22.0","98.0","21.0","62.0","15.0","69.0","98.0","45.0","65.0","11.0","29.0","15.0","39.0","60.0","856.0","77.0","98.0","119.0","8.0","26.0","11.0","7.0","69.0","33.0","24.0","46.0","19.0","14.0","14.0","8.0","165.0","234.0","534.0","259.0","82.0","224.0"
"56.0","Usage-revente de stupéfiants","18119.0","142.0","173.0","75.0","55.0","51.0","420.0","46.0","110.0","43.0","104.0","101.0","51.0","321.0","256.0","43.0","65.0","192.0","73.0","94.0","195.0","184.0","18.0","52.0","220.0","123.0","147.0","157.0","264.0","25.0","49.0","196.0","227.0","27.0","424.0","286.0","300.0","64.0","179.0","239.0","90.0","110.0","81.0","145.0","56.0","436.0","81.0","24.0","110.0","24.0","158.0","270.0","228.0","126.0","118.0","209.0","163.0","136.0","449.0","78.0","1121.0","120.0","89.0","684.0","63.0","113.0","40.0","95.0","316.0","156.0","1184.0","95.0","171.0","112.0","116.0","244.0","697.0","318.0","433.0","270.0","120.0","278.0","76.0","64.0","303.0","119.0","166.0","139.0","95.0","122.0","113.0","29.0","307.0","239.0","248.0","166.0","215.0","0.0"
"57.0","Usage de stupéfiants","141873.0","900.0","1324.0","526.0","577.0","556.0","3664.0","427.0","612.0","216.0","483.0","638.0","916.0","6105.0","1451.0","139.0","277.0","797.0","426.0","338.0","665.0","548.0","119.0","351.0","727.0","693.0","837.0","476.0","971.0","329.0","307.0","777.0","1805.0","143.0","3888.0","2667.0","1052.0","308.0","1140.0","1583.0","427.0","651.0","456.0","1032.0","330.0","2389.0","1126.0","160.0","518.0","110.0","907.0","660.0","1202.0","558.0","388.0","1923.0","538.0","650.0","2405.0","466.0","7682.0","1668.0","418.0","3088.0","622.0","1122.0","309.0","731.0","1981.0","1189.0","5684.0","318.0","1000.0","531.0","799.0","1715.0","10565.0","1902.0","4822.0","4269.0","430.0","1068.0","468.0","299.0","3292.0","1291.0","655.0","858.0","388.0","620.0","579.0","290.0","4028.0","4382.0","7220.0","4837.0","4099.0","0.0"
"58.0","Autres infractions à la législation sur les stupéfiants","6540.0","88.0","93.0","46.0","10.0","21.0","97.0","42.0","50.0","14.0","41.0","67.0","4.0","269.0","19.0","14.0","49.0","40.0","14.0","3.0","29.0","80.0","17.0","48.0","38.0","44.0","134.0","4.0","116.0","31.0","26.0","119.0","122.0","17.0","32.0","430.0","127.0","19.0","29.0","17.0","28.0","142.0","49.0","42.0","22.0","24.0","43.0","5.0","22.0","12.0","22.0","20.0","3.0","2.0","28.0","57.0","4.0","116.0","70.0","12.0","190.0","13.0","64.0","48.0","58.0","25.0","20.0","16.0","71.0","48.0","55.0","7.0","158.0","22.0","57.0","206.0","1045.0","125.0","38.0","140.0","13.0","42.0","13.0","4.0","60.0","31.0","35.0","65.0","9.0","7.0","46.0","10.0","82.0","139.0","215.0","48.0","132.0","0.0"
"59.0","Délits de débits de boissons et infraction à la réglementation sur l'alcool  et le tabac","987.0","6.0","18.0","2.0","8.0","4.0","159.0","5.0","3.0","9.0","8.0","11.0","8.0","28.0","9.0","1.0","2.0","5.0","3.0","1.0","5.0","6.0","6.0","2.0","1.0","10.0","5.0","8.0","16.0","12.0","2.0","24.0","8.0","4.0","41.0","30.0","3.0","3.0","10.0","11.0","3.0","4.0","2.0","17.0","2.0","10.0","1.0","2.0","1.0","0.0","11.0","7.0","4.0","0.0","1.0","3.0","2.0","3.0","16.0","3.0","18.0","3.0","1.0","19.0","6.0","2.0","9.0","15.0","18.0","5.0","13.0","0.0","5.0","11.0","9.0","17.0","36.0","27.0","8.0","7.0","5.0","2.0","4.0","2.0","51.0","11.0","1.0","5.0","3.0","0.0","3.0","0.0","12.0","3.0","42.0","5.0","20.0","0.0"
"60.0","Fraudes alimentaires et infractions à l'hygiène","565.0","4.0","9.0","2.0","2.0","2.0","60.0","4.0","1.0","1.0","0.0","13.0","3.0","16.0","6.0","0.0","2.0","3.0","1.0","1.0","3.0","3.0","2.0","3.0","3.0","1.0","8.0","2.0","6.0","0.0","1.0","4.0","2.0","3.0","9.0","22.0","1.0","1.0","1.0","8.0","5.0","1.0","2.0","7.0","2.0","14.0","14.0","1.0","1.0","0.0","8.0","4.0","2.0","2.0","2.0","1.0","2.0","6.0","6.0","1.0","12.0","6.0","0.0","21.0","4.0","6.0","4.0","11.0","12.0","7.0","8.0","2.0","4.0","1.0","10.0","6.0","1.0","7.0","11.0","5.0","1.0","3.0","2.0","1.0","17.0","13.0","7.0","0.0","4.0","5.0","5.0","2.0","13.0","8.0","3.0","4.0","45.0","0.0"
"61.0","Autres délits contre santé publique et la réglementation des professions médicales","330.0","3.0","0.0","2.0","2.0","6.0","13.0","0.0","1.0","3.0","0.0","0.0","2.0","15.0","6.0","0.0","0.0","2.0","2.0","0.0","0.0","2.0","1.0","4.0","3.0","1.0","0.0","3.0","3.0","1.0","2.0","1.0","1.0","0.0","11.0","4.0","1.0","0.0","1.0","5.0","2.0","0.0","0.0","5.0","1.0","4.0","1.0","1.0","2.0","0.0","3.0","0.0","3.0","1.0","2.0","2.0","0.0","1.0","4.0","2.0","12.0","3.0","1.0","5.0","3.0","2.0","0.0","2.0","39.0","4.0","7.0","1.0","0.0","1.0","0.0","0.0","46.0","2.0","3.0","5.0","0.0","0.0","1.0","1.0","21.0","1.0","2.0","3.0","1.0","1.0","2.0","0.0","6.0","5.0","7.0","1.0","7.0","0.0"
"62.0","Incendies volontaires de biens publics","5460.0","32.0","57.0","14.0","11.0","3.0","41.0","49.0","25.0","6.0","14.0","34.0","11.0","208.0","51.0","6.0","8.0","62.0","23.0","8.0","37.0","24.0","4.0","13.0","71.0","59.0","60.0","25.0","132.0","12.0","28.0","65.0","80.0","10.0","63.0","104.0","35.0","8.0","28.0","169.0","8.0","16.0","29.0","47.0","19.0","142.0","52.0","0.0","22.0","2.0","49.0","26.0","46.0","18.0","21.0","71.0","15.0","67.0","99.0","19.0","307.0","79.0","40.0","223.0","36.0","32.0","32.0","27.0","189.0","51.0","192.0","31.0","41.0","29.0","42.0","34.0","101.0","137.0","157.0","98.0","24.0","221.0","16.0","24.0","79.0","95.0","33.0","11.0","11.0","12.0","39.0","13.0","100.0","104.0","141.0","89.0","112.0","0.0"
"63.0","Incendies volontaires de biens privés","38108.0","153.0","350.0","58.0","29.0","21.0","493.0","118.0","218.0","24.0","125.0","142.0","15.0","1514.0","287.0","13.0","53.0","189.0","132.0","34.0","235.0","63.0","35.0","57.0","252.0","414.0","282.0","231.0","370.0","68.0","152.0","602.0","949.0","38.0","526.0","389.0","251.0","62.0","350.0","1599.0","56.0","65.0","147.0","836.0","38.0","1037.0","363.0","19.0","62.0","6.0","354.0","78.0","711.0","140.0","57.0","429.0","39.0","164.0","629.0","55.0","3355.0","746.0","94.0","1217.0","259.0","248.0","76.0","158.0","1044.0","620.0","1739.0","122.0","205.0","172.0","187.0","225.0","422.0","1283.0","933.0","1136.0","77.0","499.0","146.0","84.0","425.0","621.0","101.0","153.0","120.0","89.0","161.0","125.0","1004.0","568.0","1892.0","716.0","908.0","0.0"
"64.0","Attentats à l'explosif contre des biens publics","30.0","0.0","0.0","0.0","0.0","0.0","1.0","0.0","0.0","0.0","0.0","2.0","0.0","2.0","1.0","0.0","0.0","0.0","0.0","0.0","0.0","0.0","0.0","0.0","0.0","0.0","0.0","1.0","0.0","1.0","2.0","0.0","0.0","0.0","0.0","0.0","0.0","0.0","0.0","0.0","0.0","1.0","0.0","0.0","0.0","2.0","0.0","0.0","0.0","0.0","0.0","0.0","0.0","0.0","0.0","0.0","0.0","0.0","1.0","0.0","0.0","0.0","1.0","0.0","1.0","0.0","0.0","0.0","0.0","0.0","3.0","0.0","1.0","0.0","0.0","0.0","2.0","0.0","2.0","0.0","0.0","0.0","0.0","0.0","3.0","0.0","0.0","0.0","0.0","0.0","0.0","0.0","0.0","0.0","2.0","1.0","0.0","0.0"
"65.0","Attentats à l'explosif contre des biens privés","115.0","1.0","0.0","0.0","0.0","0.0","1.0","0.0","0.0","0.0","0.0","1.0","0.0","2.0","0.0","0.0","0.0","1.0","0.0","0.0","0.0","2.0","0.0","0.0","0.0","0.0","0.0","1.0","1.0","42.0","40.0","1.0","0.0","0.0","0.0","1.0","1.0","0.0","0.0","1.0","1.0","0.0","0.0","0.0","0.0","0.0","0.0","0.0","0.0","0.0","0.0","0.0","0.0","0.0","0.0","1.0","0.0","0.0","0.0","0.0","2.0","0.0","0.0","1.0","0.0","2.0","0.0","0.0","0.0","0.0","0.0","0.0","0.0","0.0","0.0","0.0","0.0","0.0","2.0","0.0","0.0","0.0","0.0","0.0","1.0","1.0","0.0","0.0","0.0","0.0","0.0","0.0","0.0","2.0","5.0","0.0","1.0","0.0"
"66.0","Autres destructions et dégradations de biens publics","40201.0","335.0","408.0","225.0","102.0","59.0","469.0","219.0","184.0","82.0","185.0","252.0","104.0","942.0","478.0","64.0","212.0","415.0","251.0","91.0","344.0","400.0","43.0","160.0","351.0","412.0","274.0","275.0","705.0","67.0","101.0","404.0","776.0","65.0","872.0","710.0","643.0","134.0","341.0","906.0","154.0","162.0","192.0","429.0","137.0","1141.0","563.0","62.0","138.0","53.0","409.0","398.0","311.0","145.0","122.0","477.0","125.0","490.0","720.0","179.0","1889.0","548.0","216.0","985.0","346.0","313.0","126.0","276.0","937.0","500.0","1632.0","116.0","296.0","397.0","254.0","333.0","1540.0","809.0","1076.0","764.0","267.0","639.0","195.0","160.0","409.0","278.0","333.0","165.0","167.0","271.0","274.0","100.0","725.0","899.0","955.0","721.0","823.0","0.0"
"67.0","Autres destructions et dégradations de biens privés","125151.0","505.0","925.0","459.0","146.0","134.0","2124.0","201.0","416.0","118.0","479.0","507.0","124.0","6149.0","1511.0","109.0","428.0","1010.0","437.0","316.0","1026.0","927.0","56.0","291.0","846.0","813.0","597.0","529.0","1650.0","185.0","155.0","1296.0","1566.0","92.0","3354.0","1989.0","1736.0","271.0","1023.0","2223.0","190.0","427.0","422.0","1654.0","193.0","3301.0","833.0","94.0","313.0","38.0","993.0","692.0","1884.0","188.0","256.0","1264.0","165.0","1127.0","1958.0","175.0","7416.0","1201.0","408.0","3687.0","1017.0","1129.0","264.0","694.0","1994.0","1503.0","4264.0","127.0","424.0","762.0","589.0","929.0","7988.0","3799.0","2448.0","3293.0","413.0","882.0","595.0","304.0","1527.0","1069.0","689.0","673.0","390.0","429.0","485.0","247.0","2525.0","3859.0","6928.0","3760.0","3550.0","0.0"
"68.0","Destructions et dégradations de véhicules privés","171402.0","535.0","991.0","1051.0","140.0","169.0","2798.0","152.0","796.0","158.0","743.0","777.0","178.0","4942.0","2056.0","141.0","1035.0","1609.0","714.0","582.0","1271.0","1172.0","80.0","317.0","1220.0","1026.0","732.0","975.0","2374.0","534.0","209.0","1788.0","1762.0","153.0","3100.0","2412.0","2237.0","331.0","1710.0","2430.0","272.0","531.0","702.0","2411.0","238.0","3706.0","1156.0","129.0","567.0","34.0","1328.0","1280.0","2380.0","146.0","453.0","2191.0","241.0","1686.0","2692.0","274.0","9937.0","1626.0","641.0","4559.0","1553.0","2283.0","448.0","598.0","2365.0","1401.0","5659.0","142.0","1002.0","847.0","703.0","1314.0","6893.0","5186.0","4035.0","7725.0","658.0","1141.0","746.0","386.0","1679.0","1431.0","808.0","1067.0","549.0","650.0","962.0","411.0","4251.0","7657.0","10417.0","6190.0","5665.0","0.0"
"69.0","Infractions aux conditions générales d'entrée et de séjour des étrangers","77018.0","694.0","91.0","34.0","42.0","208.0","5873.0","30.0","128.0","43.0","46.0","300.0","52.0","2488.0","176.0","5.0","30.0","55.0","80.0","20.0","172.0","37.0","8.0","26.0","567.0","314.0","228.0","106.0","86.0","277.0","414.0","558.0","1308.0","13.0","1471.0","1002.0","511.0","80.0","223.0","615.0","26.0","24.0","44.0","187.0","6.0","891.0","250.0","14.0","36.0","3.0","199.0","243.0","113.0","12.0","66.0","509.0","24.0","38.0","1385.0","34.0","3858.0","630.0","23.0","4445.0","132.0","1880.0","38.0","4345.0","2162.0","597.0","2171.0","16.0","100.0","98.0","2613.0","1446.0","9765.0","574.0","2263.0","1394.0","38.0","154.0","56.0","50.0","771.0","574.0","53.0","148.0","196.0","33.0","61.0","92.0","1347.0","3017.0","3473.0","2867.0","3023.0","0.0"
"70.0","Aide à l'entrée, à la circulation et au séjour des étrangers","4306.0","119.0","6.0","4.0","1.0","45.0","188.0","0.0","4.0","1.0","2.0","30.0","3.0","165.0","52.0","0.0","0.0","5.0","13.0","1.0","49.0","4.0","1.0","3.0","47.0","19.0","3.0","7.0","6.0","53.0","56.0","26.0","126.0","2.0","67.0","106.0","121.0","2.0","4.0","26.0","1.0","1.0","4.0","11.0","0.0","69.0","48.0","1.0","1.0","0.0","5.0","68.0","19.0","4.0","2.0","151.0","2.0","1.0","211.0","1.0","216.0","141.0","2.0","202.0","41.0","108.0","0.0","98.0","163.0","104.0","102.0","0.0","13.0","1.0","147.0","179.0","28.0","71.0","91.0","79.0","5.0","3.0","3.0","2.0","42.0","79.0","2.0","2.0","30.0","0.0","3.0","5.0","43.0","22.0","35.0","117.0","160.0","0.0"
"71.0","Autres infractions à la police des étrangers","4513.0","7.0","3.0","3.0","4.0","2.0","303.0","1.0","7.0","2.0","8.0","19.0","0.0","347.0","2.0","0.0","3.0","2.0","17.0","0.0","3.0","4.0","3.0","3.0","2.0","5.0","3.0","0.0","1.0","1.0","16.0","22.0","207.0","1.0","162.0","83.0","36.0","7.0","2.0","8.0","3.0","3.0","7.0","17.0","0.0","7.0","0.0","1.0","5.0","0.0","6.0","2.0","17.0","1.0","1.0","12.0","0.0","0.0","49.0","2.0","56.0","8.0","0.0","30.0","3.0","32.0","2.0","133.0","55.0","18.0","59.0","0.0","2.0","0.0","0.0","4.0","806.0","46.0","199.0","85.0","2.0","62.0","0.0","0.0","137.0","8.0","1.0","0.0","3.0","6.0","6.0","1.0","75.0","142.0","192.0","378.0","530.0","0.0"
"72.0","Outrages à dépositaires autorité","30071.0","198.0","218.0","107.0","74.0","37.0","689.0","99.0","120.0","33.0","156.0","122.0","63.0","1138.0","266.0","26.0","132.0","162.0","103.0","70.0","170.0","185.0","21.0","86.0","158.0","213.0","247.0","199.0","303.0","59.0","67.0","288.0","329.0","42.0","584.0","399.0","310.0","72.0","270.0","525.0","99.0","92.0","101.0","373.0","40.0","410.0","288.0","37.0","107.0","29.0","238.0","181.0","335.0","104.0","74.0","310.0","109.0","143.0","454.0","70.0","1241.0","409.0","129.0","647.0","185.0","199.0","63.0","210.0","469.0","548.0","1303.0","46.0","179.0","194.0","156.0","252.0","2301.0","544.0","782.0","951.0","99.0","262.0","104.0","79.0","635.0","394.0","137.0","167.0","97.0","150.0","194.0","120.0","797.0","983.0","1464.0","803.0","844.0","0.0"
"73.0","Violences à dépositaires autorité","27466.0","123.0","178.0","72.0","39.0","32.0","643.0","55.0","81.0","20.0","100.0","97.0","44.0","1278.0","252.0","25.0","74.0","129.0","66.0","68.0","155.0","101.0","18.0","57.0","176.0","141.0","181.0","164.0","210.0","48.0","45.0","214.0","391.0","35.0","459.0","370.0","260.0","62.0","208.0","355.0","64.0","58.0","81.0","261.0","27.0","569.0","239.0","31.0","70.0","10.0","178.0","121.0","295.0","70.0","41.0","293.0","49.0","111.0","352.0","45.0","1132.0","275.0","85.0","473.0","144.0","168.0","58.0","190.0","416.0","447.0","1288.0","38.0","115.0","176.0","122.0","162.0","2707.0","586.0","811.0","917.0","47.0","288.0","80.0","43.0","424.0","226.0","120.0","133.0","83.0","96.0","87.0","68.0","943.0","940.0","1716.0","908.0","962.0","1.0"
"74.0","Port ou détention armes prohibées","32310.0","150.0","242.0","124.0","108.0","115.0","747.0","114.0","143.0","51.0","108.0","141.0","133.0","1719.0","269.0","38.0","87.0","132.0","90.0","85.0","319.0","112.0","13.0","89.0","207.0","209.0","134.0","114.0","254.0","156.0","103.0","241.0","503.0","39.0","695.0","811.0","291.0","74.0","173.0","642.0","88.0","104.0","123.0","206.0","57.0","652.0","233.0","37.0","95.0","15.0","215.0","76.0","294.0","143.0","68.0","448.0","98.0","111.0","522.0","143.0","1185.0","313.0","86.0","459.0","190.0","198.0","75.0","178.0","560.0","333.0","1382.0","77.0","143.0","228.0","152.0","292.0","3250.0","491.0","961.0","808.0","69.0","242.0","77.0","72.0","576.0","362.0","93.0","165.0","167.0","123.0","184.0","85.0","813.0","762.0","1457.0","1151.0","1044.0","4.0"
"75.0","Atteintes aux intérêts fondamentaux de la Nation","742.0","19.0","13.0","3.0","2.0","1.0","2.0","2.0","12.0","1.0","1.0","6.0","3.0","22.0","6.0","0.0","4.0","6.0","2.0","3.0","9.0","2.0","1.0","1.0","1.0","6.0","6.0","3.0","4.0","0.0","0.0","7.0","7.0","5.0","5.0","4.0","8.0","1.0","11.0","4.0","1.0","1.0","1.0","2.0","1.0","10.0","9.0","1.0","3.0","1.0","10.0","2.0","21.0","2.0","2.0","21.0","25.0","7.0","22.0","1.0","52.0","6.0","8.0","25.0","17.0","8.0","8.0","5.0","16.0","19.0","17.0","4.0","5.0","6.0","6.0","5.0","59.0","9.0","8.0","9.0","3.0","7.0","4.0","4.0","16.0","7.0","3.0","11.0","6.0","8.0","5.0","11.0","9.0","5.0","2.0","5.0","8.0","0.0"
"76.0","Délits des courses et des jeux","299.0","0.0","0.0","0.0","0.0","0.0","4.0","0.0","0.0","0.0","1.0","2.0","0.0","5.0","5.0","0.0","1.0","3.0","0.0","0.0","0.0","0.0","0.0","1.0","1.0","0.0","0.0","0.0","1.0","0.0","2.0","3.0","0.0","0.0","3.0","0.0","0.0","0.0","0.0","2.0","0.0","0.0","0.0","0.0","0.0","0.0","1.0","0.0","0.0","0.0","0.0","0.0","1.0","0.0","0.0","1.0","0.0","0.0","2.0","0.0","1.0","0.0","1.0","1.0","0.0","0.0","0.0","2.0","0.0","4.0","2.0","0.0","0.0","0.0","1.0","1.0","101.0","1.0","0.0","1.0","0.0","0.0","0.0","0.0","4.0","4.0","0.0","1.0","0.0","2.0","0.0","0.0","3.0","1.0","10.0","0.0","2.0","117.0"
"77.0","Délits interdiction de séjour et de paraître","297.0","18.0","0.0","1.0","0.0","0.0","1.0","0.0","9.0","1.0","1.0","0.0","1.0","3.0","2.0","0.0","4.0","0.0","2.0","1.0","5.0","0.0","0.0","2.0","5.0","5.0","2.0","4.0","2.0","1.0","1.0","2.0","1.0","0.0","6.0","1.0","6.0","6.0","0.0","2.0","3.0","1.0","0.0","0.0","0.0","0.0","3.0","0.0","5.0","0.0","1.0","1.0","1.0","0.0","1.0","3.0","2.0","5.0","3.0","0.0","7.0","5.0","2.0","2.0","4.0","0.0","0.0","3.0","14.0","3.0","24.0","0.0","0.0","1.0","0.0","2.0","7.0","8.0","7.0","5.0","0.0","1.0","0.0","0.0","11.0","0.0","0.0","2.0","5.0","2.0","3.0","0.0","3.0","35.0","4.0","4.0","9.0","0.0"
"78.0","Destructions, cruautés et autres délits envers les animaux","2358.0","20.0","48.0","22.0","16.0","0.0","55.0","10.0","15.0","9.0","13.0","20.0","9.0","80.0","30.0","5.0","11.0","27.0","9.0","9.0","10.0","23.0","8.0","29.0","18.0","21.0","29.0","7.0","32.0","12.0","9.0","40.0","46.0","9.0","50.0","58.0","22.0","15.0","15.0","31.0","14.0","23.0","20.0","23.0","17.0","42.0","25.0","10.0","12.0","3.0","25.0","24.0","16.0","11.0","4.0","26.0","7.0","18.0","39.0","17.0","115.0","36.0","17.0","93.0","30.0","20.0","18.0","27.0","49.0","20.0","33.0","11.0","19.0","9.0","14.0","17.0","41.0","46.0","36.0","32.0","32.0","39.0","30.0","15.0","49.0","29.0","24.0","16.0","13.0","13.0","24.0","4.0","25.0","13.0","29.0","23.0","29.0","0.0"
"79.0","Atteintes à l'environnement","2820.0","28.0","30.0","18.0","17.0","7.0","53.0","234.0","10.0","19.0","6.0","9.0","19.0","38.0","34.0","12.0","25.0","13.0","6.0","11.0","10.0","61.0","34.0","27.0","25.0","29.0","10.0","3.0","92.0","36.0","15.0","47.0","31.0","12.0","37.0","56.0","44.0","7.0","22.0","41.0","14.0","29.0","7.0","21.0","8.0","58.0","13.0","11.0","10.0","24.0","41.0","83.0","21.0","10.0","21.0","31.0","24.0","34.0","33.0","15.0","38.0","38.0","39.0","32.0","40.0","23.0","14.0","17.0","79.0","44.0","31.0","20.0","20.0","8.0","21.0","29.0","2.0","30.0","30.0","25.0","16.0","17.0","17.0","17.0","62.0","32.0","19.0","12.0","35.0","24.0","180.0","0.0","25.0","5.0","7.0","16.0","20.0","0.0"
"80.0","Chasse et pêche","1158.0","2.0","4.0","5.0","0.0","3.0","31.0","1.0","5.0","1.0","2.0","42.0","4.0","115.0","11.0","1.0","1.0","69.0","2.0","1.0","4.0","18.0","3.0","3.0","2.0","5.0","1.0","2.0","115.0","18.0","23.0","7.0","3.0","0.0","38.0","25.0","46.0","2.0","9.0","5.0","1.0","7.0","0.0","1.0","0.0","39.0","2.0","1.0","2.0","0.0","4.0","119.0","3.0","1.0","1.0","0.0","0.0","40.0","6.0","2.0","25.0","3.0","0.0","43.0","1.0","35.0","2.0","20.0","4.0","3.0","1.0","1.0","1.0","1.0","7.0","0.0","0.0","46.0","2.0","4.0","0.0","3.0","1.0","0.0","18.0","11.0","47.0","10.0","1.0","4.0","3.0","0.0","0.0","0.0","2.0","1.0","0.0","0.0"
"81.0","Faux documents d'identité","6342.0","86.0","15.0","10.0","1.0","27.0","351.0","6.0","11.0","4.0","20.0","35.0","2.0","235.0","45.0","2.0","4.0","7.0","15.0","4.0","28.0","12.0","4.0","6.0","42.0","8.0","12.0","6.0","20.0","16.0","13.0","31.0","69.0","3.0","117.0","82.0","109.0","24.0","42.0","64.0","4.0","5.0","5.0","20.0","1.0","68.0","41.0","0.0","6.0","3.0","16.0","36.0","17.0","4.0","10.0","51.0","2.0","18.0","89.0","2.0","175.0","115.0","4.0","502.0","31.0","19.0","3.0","196.0","76.0","62.0","170.0","2.0","39.0","5.0","393.0","161.0","561.0","52.0","173.0","191.0","3.0","9.0","6.0","3.0","48.0","58.0","15.0","15.0","31.0","5.0","16.0","10.0","124.0","82.0","138.0","290.0","562.0","11.0"
"82.0","Faux documents concernant la circulation des véhicules","3327.0","54.0","17.0","9.0","7.0","6.0","50.0","11.0","13.0","4.0","5.0","10.0","11.0","80.0","56.0","7.0","6.0","10.0","16.0","7.0","30.0","6.0","3.0","14.0","42.0","4.0","18.0","4.0","12.0","8.0","6.0","14.0","75.0","5.0","47.0","38.0","51.0","32.0","14.0","44.0","13.0","11.0","10.0","24.0","3.0","65.0","51.0","3.0","10.0","2.0","20.0","29.0","28.0","7.0","4.0","32.0","10.0","17.0","132.0","5.0","152.0","48.0","7.0","31.0","22.0","12.0","10.0","87.0","88.0","70.0","154.0","5.0","18.0","11.0","27.0","58.0","365.0","45.0","83.0","57.0","14.0","12.0","12.0","16.0","31.0","16.0","22.0","10.0","10.0","5.0","20.0","5.0","90.0","84.0","118.0","59.0","131.0","0.0"
"83.0","Autres faux documents administratifs","3472.0","32.0","19.0","11.0","9.0","5.0","117.0","5.0","11.0","6.0","6.0","23.0","4.0","112.0","84.0","6.0","10.0","19.0","3.0","15.0","13.0","11.0","5.0","19.0","31.0","23.0","18.0","8.0","32.0","33.0","35.0","46.0","60.0","2.0","38.0","79.0","42.0","8.0","14.0","48.0","26.0","18.0","8.0","16.0","2.0","53.0","28.0","5.0","10.0","2.0","29.0","39.0","11.0","12.0","16.0","23.0","5.0","17.0","55.0","4.0","101.0","51.0","8.0","31.0","37.0","111.0","4.0","128.0","157.0","94.0","91.0","7.0","19.0","18.0","85.0","34.0","217.0","76.0","63.0","78.0","15.0","15.0","11.0","12.0","48.0","20.0","17.0","11.0","17.0","23.0","29.0","2.0","69.0","74.0","121.0","47.0","87.0","3.0"
"84.0","Faux en écriture publique et authentique","2141.0","10.0","10.0","7.0","4.0","2.0","107.0","9.0","11.0","4.0","9.0","17.0","2.0","52.0","14.0","2.0","10.0","7.0","9.0","5.0","11.0","13.0","2.0","18.0","16.0","14.0","12.0","1.0","14.0","6.0","16.0","27.0","26.0","6.0","34.0","56.0","10.0","2.0","36.0","49.0","12.0","15.0","7.0","30.0","9.0","10.0","12.0","3.0","11.0","0.0","11.0","4.0","16.0","8.0","2.0","18.0","5.0","13.0","77.0","5.0","78.0","26.0","5.0","45.0","33.0","19.0","12.0","35.0","160.0","45.0","163.0","2.0","9.0","5.0","15.0","27.0","57.0","62.0","27.0","34.0","6.0","20.0","15.0","13.0","70.0","22.0","12.0","12.0","4.0","6.0","7.0","4.0","30.0","28.0","34.0","53.0","18.0","0.0"
"85.0","Autres faux en écriture","6589.0","58.0","49.0","34.0","18.0","14.0","178.0","20.0","17.0","12.0","35.0","31.0","17.0","381.0","72.0","8.0","26.0","56.0","26.0","21.0","49.0","52.0","8.0","60.0","29.0","58.0","41.0","39.0","60.0","15.0","19.0","82.0","175.0","18.0","175.0","115.0","60.0","19.0","50.0","98.0","25.0","43.0","29.0","96.0","13.0","127.0","72.0","10.0","26.0","4.0","75.0","30.0","38.0","39.0","23.0","99.0","19.0","38.0","75.0","18.0","237.0","86.0","27.0","118.0","59.0","45.0","35.0","76.0","111.0","59.0","240.0","19.0","56.0","36.0","25.0","73.0","370.0","128.0","159.0","132.0","24.0","56.0","45.0","28.0","165.0","76.0","41.0","26.0","55.0","38.0","53.0","9.0","93.0","161.0","157.0","83.0","194.0","0.0"
"86.0","Fausse monnaie","1784.0","10.0","7.0","7.0","8.0","3.0","105.0","4.0","4.0","3.0","8.0","7.0","3.0","61.0","12.0","0.0","6.0","14.0","5.0","1.0","5.0","8.0","1.0","8.0","16.0","12.0","22.0","3.0","7.0","2.0","5.0","12.0","45.0","1.0","29.0","36.0","9.0","3.0","5.0","22.0","4.0","7.0","1.0","35.0","1.0","29.0","22.0","4.0","6.0","2.0","7.0","2.0","16.0","3.0","0.0","17.0","12.0","2.0","38.0","7.0","90.0","10.0","5.0","37.0","17.0","17.0","2.0","9.0","51.0","14.0","124.0","3.0","14.0","2.0","10.0","23.0","147.0","33.0","28.0","23.0","6.0","17.0","11.0","10.0","36.0","13.0","5.0","12.0","2.0","7.0","2.0","0.0","50.0","36.0","79.0","37.0","51.0","17.0"
"87.0","Contrefaçons et fraudes industrielles et commerciales","1675.0","8.0","7.0","6.0","4.0","0.0","19.0","9.0","2.0","0.0","1.0","5.0","6.0","115.0","5.0","1.0","0.0","1.0","2.0","2.0","8.0","7.0","4.0","5.0","18.0","6.0","35.0","10.0","26.0","6.0","2.0","14.0","29.0","4.0","16.0","20.0","11.0","8.0","13.0","43.0","4.0","4.0","7.0","12.0","0.0","23.0","8.0","0.0","3.0","0.0","13.0","6.0","16.0","18.0","2.0","6.0","2.0","2.0","38.0","3.0","83.0","20.0","3.0","36.0","5.0","11.0","2.0","7.0","24.0","38.0","53.0","3.0","4.0","9.0","3.0","23.0","185.0","23.0","26.0","33.0","9.0","8.0","6.0","1.0","51.0","3.0","2.0","7.0","0.0","9.0","5.0","1.0","62.0","36.0","101.0","43.0","95.0","0.0"
"88.0","Contrefaçons littéraires et artistique","336.0","3.0","0.0","0.0","0.0","0.0","6.0","0.0","0.0","0.0","1.0","1.0","0.0","5.0","1.0","1.0","0.0","1.0","1.0","1.0","2.0","0.0","0.0","1.0","0.0","2.0","2.0","0.0","1.0","0.0","0.0","21.0","0.0","35.0","8.0","1.0","4.0","1.0","3.0","4.0","0.0","0.0","0.0","0.0","0.0","3.0","0.0","1.0","0.0","0.0","0.0","1.0","7.0","3.0","0.0","8.0","0.0","1.0","4.0","0.0","2.0","0.0","1.0","21.0","2.0","0.0","0.0","1.0","0.0","2.0","4.0","0.0","1.0","1.0","2.0","0.0","82.0","2.0","4.0","8.0","1.0","0.0","0.0","0.0","7.0","0.0","1.0","0.0","1.0","1.0","0.0","0.0","10.0","5.0","18.0","4.0","8.0","13.0"
"89.0","Falsification et usages de chèques volés","61405.0","232.0","565.0","501.0","94.0","150.0","699.0","223.0","206.0","70.0","455.0","335.0","212.0","2521.0","586.0","67.0","403.0","1150.0","194.0","166.0","351.0","456.0","33.0","195.0","1020.0","324.0","405.0","271.0","778.0","75.0","242.0","421.0","971.0","288.0","1389.0","1180.0","1133.0","207.0","544.0","1303.0","169.0","268.0","187.0","885.0","186.0","1019.0","834.0","75.0","306.0","42.0","745.0","535.0","812.0","233.0","383.0","767.0","104.0","474.0","911.0","203.0","3782.0","461.0","252.0","1460.0","716.0","345.0","98.0","270.0","571.0","541.0","2008.0","130.0","324.0","366.0","274.0","525.0","3281.0","1552.0","1011.0","1265.0","500.0","546.0","466.0","309.0","1127.0","588.0","689.0","468.0","407.0","246.0","390.0","78.0","1137.0","1712.0","1432.0","1288.0","1236.0","1.0"
"90.0","Falsification et usages de cartes de crédit","46793.0","290.0","362.0","108.0","113.0","121.0","1308.0","235.0","123.0","43.0","167.0","160.0","100.0","2828.0","89.0","20.0","331.0","376.0","125.0","109.0","234.0","128.0","27.0","268.0","310.0","272.0","227.0","161.0","274.0","39.0","49.0","790.0","1624.0","63.0","450.0","762.0","480.0","96.0","178.0","784.0","73.0","123.0","193.0","439.0","93.0","389.0","456.0","77.0","225.0","76.0","746.0","87.0","357.0","60.0","67.0","342.0","52.0","210.0","367.0","145.0","2102.0","280.0","76.0","704.0","298.0","253.0","224.0","309.0","343.0","261.0","1425.0","159.0","384.0","232.0","552.0","309.0","5309.0","758.0","919.0","1039.0","100.0","297.0","144.0","134.0","1214.0","405.0","164.0","118.0","128.0","193.0","149.0","59.0","859.0","2281.0","2886.0","1314.0","1610.0","1.0"
"91.0","Escroqueries et abus de confiances","202774.0","2261.0","1928.0","655.0","551.0","357.0","4256.0","749.0","771.0","291.0","1064.0","1268.0","599.0","9482.0","1118.0","171.0","736.0","1900.0","493.0","749.0","1333.0","1335.0","144.0","994.0","2092.0","1345.0","2377.0","1325.0","1779.0","598.0","918.0","2838.0","4968.0","546.0","5140.0","5649.0","2362.0","630.0","1863.0","2747.0","628.0","1089.0","1062.0","2570.0","412.0","3421.0","2309.0","539.0","1030.0","188.0","2315.0","588.0","2184.0","542.0","671.0","2161.0","551.0","1663.0","3209.0","377.0","9081.0","2909.0","575.0","4779.0","2088.0","1429.0","817.0","1447.0","2945.0","2079.0","4406.0","435.0","1524.0","1031.0","1075.0","1903.0","12788.0","3762.0","3782.0","5569.0","735.0","1638.0","1254.0","820.0","5095.0","2488.0","1212.0","825.0","669.0","994.0","985.0","381.0","2534.0","6442.0","4945.0","3180.0","6246.0","16.0"
"92.0","Infractions à la législation sur les chèques","9046.0","97.0","81.0","119.0","32.0","25.0","139.0","41.0","44.0","22.0","34.0","58.0","83.0","152.0","66.0","21.0","47.0","242.0","32.0","56.0","64.0","83.0","13.0","162.0","77.0","111.0","191.0","35.0","171.0","43.0","25.0","100.0","295.0","23.0","529.0","179.0","258.0","23.0","59.0","112.0","34.0","54.0","192.0","245.0","71.0","178.0","33.0","21.0","89.0","15.0","108.0","149.0","44.0","17.0","32.0","52.0","26.0","112.0","72.0","11.0","304.0","38.0","24.0","151.0","91.0","82.0","76.0","105.0","403.0","63.0","360.0","28.0","96.0","50.0","121.0","181.0","66.0","97.0","76.0","65.0","65.0","60.0","42.0","81.0","167.0","96.0","89.0","52.0","73.0","87.0","49.0","29.0","47.0","29.0","29.0","35.0","40.0","0.0"
"93.0","Travail clandestin","9641.0","112.0","42.0","60.0","21.0","37.0","348.0","24.0","31.0","25.0","41.0","130.0","38.0","416.0","121.0","21.0","30.0","134.0","43.0","60.0","120.0","40.0","13.0","53.0","68.0","77.0","64.0","31.0","53.0","117.0","62.0","119.0","129.0","17.0","210.0","265.0","152.0","24.0","42.0","137.0","33.0","54.0","17.0","95.0","36.0","149.0","69.0","46.0","30.0","16.0","170.0","104.0","39.0","41.0","26.0","158.0","21.0","46.0","312.0","15.0","305.0","102.0","36.0","150.0","99.0","95.0","32.0","120.0","224.0","124.0","213.0","31.0","94.0","42.0","92.0","70.0","682.0","122.0","314.0","227.0","32.0","37.0","28.0","61.0","214.0","134.0","52.0","37.0","33.0","12.0","75.0","10.0","111.0","81.0","159.0","155.0","232.0","0.0"
"94.0","Emploi d'étranger sans titre de travail","2900.0","58.0","3.0","3.0","3.0","13.0","165.0","3.0","3.0","2.0","3.0","19.0","5.0","141.0","48.0","1.0","1.0","4.0","14.0","2.0","19.0","0.0","0.0","3.0","16.0","21.0","25.0","4.0","3.0","70.0","41.0","25.0","76.0","0.0","59.0","96.0","76.0","6.0","4.0","16.0","0.0","1.0","1.0","9.0","1.0","52.0","18.0","0.0","1.0","0.0","4.0","38.0","11.0","0.0","2.0","23.0","1.0","4.0","76.0","0.0","100.0","65.0","5.0","16.0","22.0","30.0","3.0","51.0","45.0","28.0","55.0","3.0","22.0","2.0","36.0","28.0","312.0","47.0","137.0","61.0","1.0","3.0","0.0","4.0","60.0","80.0","4.0","5.0","14.0","1.0","9.0","1.0","48.0","59.0","63.0","52.0","135.0","0.0"
"95.0","Marchandage - prêt de main d'œuvre","309.0","2.0","0.0","0.0","0.0","0.0","3.0","1.0","0.0","2.0","2.0","0.0","1.0","12.0","33.0","0.0","0.0","21.0","0.0","0.0","2.0","0.0","0.0","3.0","2.0","3.0","0.0","0.0","0.0","3.0","1.0","3.0","0.0","0.0","12.0","2.0","14.0","0.0","1.0","1.0","0.0","1.0","0.0","2.0","0.0","3.0","0.0","0.0","0.0","1.0","1.0","1.0","1.0","0.0","2.0","1.0","1.0","1.0","36.0","1.0","9.0","1.0","0.0","2.0","2.0","2.0","0.0","5.0","4.0","3.0","5.0","0.0","5.0","0.0","7.0","1.0","18.0","1.0","3.0","3.0","0.0","1.0","0.0","16.0","7.0","1.0","2.0","1.0","0.0","0.0","2.0","0.0","1.0","1.0","3.0","13.0","14.0","0.0"
"98.0","Banqueroutes, abus de biens sociaux et autres délits de société","1688.0","14.0","7.0","19.0","5.0","6.0","51.0","8.0","5.0","2.0","9.0","7.0","19.0","65.0","10.0","2.0","8.0","14.0","5.0","11.0","13.0","5.0","3.0","14.0","24.0","14.0","4.0","2.0","21.0","10.0","5.0","16.0","50.0","2.0","32.0","36.0","5.0","4.0","19.0","29.0","10.0","7.0","21.0","26.0","6.0","28.0","33.0","3.0","5.0","0.0","16.0","10.0","11.0","5.0","5.0","30.0","7.0","10.0","26.0","4.0","22.0","13.0","4.0","9.0","22.0","17.0","8.0","12.0","47.0","29.0","18.0","5.0","18.0","20.0","7.0","9.0","207.0","21.0","34.0","17.0","10.0","6.0","4.0","8.0","28.0","8.0","8.0","7.0","3.0","2.0","8.0","8.0","15.0","82.0","58.0","30.0","26.0","0.0"
"101.0","Prix illicites, publicité fausse et infractions aux règles de la concurrence","259.0","0.0","1.0","1.0","0.0","3.0","6.0","2.0","0.0","1.0","1.0","1.0","1.0","4.0","3.0","2.0","3.0","2.0","1.0","1.0","3.0","2.0","0.0","2.0","2.0","2.0","0.0","0.0","1.0","3.0","4.0","3.0","4.0","1.0","11.0","8.0","3.0","0.0","1.0","4.0","1.0","4.0","2.0","2.0","5.0","2.0","3.0","0.0","0.0","0.0","3.0","3.0","4.0","1.0","2.0","1.0","1.0","1.0","7.0","2.0","6.0","0.0","0.0","6.0","2.0","5.0","6.0","2.0","12.0","6.0","7.0","0.0","2.0","2.0","0.0","2.0","6.0","2.0","5.0","0.0","5.0","2.0","0.0","0.0","14.0","3.0","2.0","1.0","0.0","3.0","3.0","1.0","13.0","3.0","0.0","2.0","4.0","1.0"
"102.0","Achats et ventes sans factures","288.0","4.0","2.0","5.0","1.0","0.0","2.0","1.0","2.0","2.0","3.0","4.0","0.0","2.0","14.0","1.0","6.0","3.0","3.0","2.0","7.0","7.0","0.0","2.0","7.0","3.0","2.0","0.0","9.0","2.0","1.0","4.0","4.0","1.0","14.0","5.0","4.0","1.0","1.0","0.0","1.0","2.0","2.0","0.0","3.0","7.0","3.0","1.0","0.0","0.0","3.0","6.0","0.0","1.0","2.0","2.0","1.0","2.0","11.0","2.0","6.0","2.0","0.0","12.0","5.0","3.0","4.0","7.0","6.0","2.0","5.0","1.0","4.0","2.0","0.0","2.0","0.0","1.0","3.0","1.0","2.0","1.0","1.0","1.0","6.0","3.0","3.0","5.0","3.0","4.0","2.0","0.0","3.0","1.0","3.0","1.0","3.0","0.0"
"103.0","Infractions à l'exercice d'une profession réglementée","1121.0","19.0","2.0","4.0","14.0","3.0","45.0","6.0","4.0","2.0","3.0","2.0","1.0","27.0","8.0","2.0","7.0","9.0","2.0","10.0","9.0","6.0","2.0","7.0","8.0","18.0","22.0","3.0","8.0","0.0","5.0","10.0","19.0","5.0","25.0","15.0","9.0","1.0","8.0","14.0","2.0","7.0","3.0","15.0","6.0","42.0","5.0","1.0","4.0","4.0","10.0","11.0","6.0","1.0","2.0","19.0","4.0","12.0","27.0","5.0","35.0","4.0","3.0","9.0","20.0","17.0","3.0","5.0","29.0","18.0","22.0","1.0","8.0","3.0","6.0","11.0","146.0","15.0","11.0","11.0","2.0","2.0","9.0","6.0","20.0","30.0","8.0","7.0","3.0","13.0","16.0","3.0","17.0","11.0","17.0","3.0","27.0","0.0"
"104.0","Infractions au droit de l'urbanisme et de la construction","2445.0","21.0","15.0","12.0","14.0","19.0","374.0","23.0","3.0","21.0","5.0","8.0","9.0","116.0","13.0","2.0","4.0","29.0","5.0","5.0","13.0","6.0","7.0","15.0","15.0","24.0","9.0","6.0","22.0","49.0","17.0","65.0","13.0","7.0","46.0","88.0","7.0","1.0","5.0","34.0","6.0","19.0","2.0","20.0","9.0","37.0","11.0","4.0","4.0","4.0","15.0","62.0","7.0","4.0","2.0","15.0","6.0","13.0","46.0","0.0","21.0","22.0","8.0","33.0","19.0","11.0","11.0","38.0","37.0","12.0","18.0","2.0","6.0","1.0","35.0","36.0","7.0","8.0","63.0","43.0","8.0","13.0","11.0","10.0","301.0","90.0","4.0","7.0","8.0","10.0","17.0","0.0","23.0","8.0","30.0","10.0","31.0","0.0"
"105.0","Fraudes fiscales","785.0","3.0","6.0","2.0","0.0","1.0","12.0","2.0","1.0","0.0","4.0","9.0","5.0","37.0","13.0","0.0","9.0","3.0","3.0","3.0","4.0","1.0","1.0","4.0","4.0","2.0","3.0","0.0","7.0","2.0","3.0","5.0","21.0","2.0","8.0","19.0","0.0","0.0","6.0","11.0","1.0","4.0","4.0","6.0","2.0","12.0","15.0","1.0","2.0","0.0","5.0","6.0","5.0","1.0","2.0","7.0","4.0","2.0","10.0","0.0","7.0","6.0","3.0","0.0","6.0","6.0","1.0","5.0","14.0","11.0","7.0","0.0","3.0","0.0","8.0","2.0","233.0","11.0","12.0","7.0","3.0","3.0","1.0","3.0","29.0","6.0","5.0","1.0","1.0","3.0","8.0","4.0","6.0","40.0","8.0","10.0","7.0","0.0"
"106.0","Autres délits économiques et financiers","2677.0","23.0","5.0","8.0","3.0","0.0","56.0","6.0","5.0","4.0","5.0","33.0","9.0","196.0","19.0","1.0","14.0","26.0","5.0","9.0","16.0","18.0","1.0","14.0","16.0","13.0","12.0","17.0","24.0","4.0","6.0","14.0","308.0","8.0","33.0","48.0","30.0","9.0","15.0","43.0","7.0","12.0","2.0","70.0","9.0","33.0","16.0","0.0","25.0","3.0","79.0","10.0","14.0","11.0","9.0","63.0","4.0","9.0","28.0","3.0","153.0","6.0","9.0","46.0","15.0","49.0","9.0","53.0","33.0","14.0","69.0","3.0","21.0","12.0","25.0","19.0","209.0","19.0","41.0","31.0","10.0","5.0","6.0","13.0","47.0","25.0","9.0","10.0","9.0","9.0","19.0","7.0","40.0","49.0","45.0","22.0","33.0","0.0"
"107.0","Autres délits","88506.0","620.0","936.0","368.0","125.0","131.0","1947.0","363.0","332.0","140.0","517.0","520.0","210.0","4056.0","856.0","102.0","359.0","967.0","355.0","282.0","544.0","515.0","114.0","739.0","580.0","707.0","587.0","458.0","1307.0","192.0","261.0","1026.0","1635.0","152.0","2160.0","1344.0","1059.0","270.0","686.0","864.0","319.0","531.0","350.0","810.0","251.0","1581.0","720.0","138.0","424.0","85.0","726.0","462.0","927.0","240.0","375.0","1005.0","260.0","655.0","1180.0","212.0","4087.0","1289.0","266.0","2292.0","411.0","577.0","197.0","639.0","1397.0","964.0","2771.0","222.0","462.0","527.0","670.0","1005.0","7017.0","1785.0","2212.0","2017.0","400.0","1074.0","316.0","247.0","1615.0","826.0","519.0","485.0","287.0","336.0","433.0","248.0","1959.0","1986.0","2865.0","1897.0","2555.0","14.0"
